NC;NN;D1C;D1N;D2C;D2N;D3C;D3N;D4C;D4N;MC;MN;V
Nível Territorial (Código);Nível Territorial;Brasil, Unidade da Federação e Município (Código);Brasil, Unidade da Federação e Município;Variável (Código);Variável;Ano (Código);Ano;Tipo de esgotamento sanitário (Código);Tipo de esgotamento sanitário;Unidade de Medida (Código);Unidade de Medida;Valor
1;Brasil;1;Brasil;381;Domicílios particulares permanentes ocupados;2022;2022;46292;Total;1020;Unidades;72456368
1;Brasil;1;Brasil;381;Domicílios particulares permanentes ocupados;2022;2022;72110;Rede geral ou pluvial;1020;Unidades;43781970
1;Brasil;1;Brasil;381;Domicílios particulares permanentes ocupados;2022;2022;72111;Fossa séptica ou fossa filtro ligada à rede;1020;Unidades;3093370
1;Brasil;1;Brasil;381;Domicílios particulares permanentes ocupados;2022;2022;72112;Fossa séptica ou fossa filtro não ligada à rede;1020;Unidades;9213733
1;Brasil;1;Brasil;381;Domicílios particulares permanentes ocupados;2022;2022;72113;Fossa rudimentar ou buraco;1020;Unidades;13143648
1;Brasil;1;Brasil;381;Domicílios particulares permanentes ocupados;2022;2022;92858;Vala;1020;Unidades;986750
1;Brasil;1;Brasil;381;Domicílios particulares permanentes ocupados;2022;2022;72114;Rio, lago, córrego ou mar;1020;Unidades;1380308
1;Brasil;1;Brasil;381;Domicílios particulares permanentes ocupados;2022;2022;72115;Outra forma;1020;Unidades;489680
1;Brasil;1;Brasil;381;Domicílios particulares permanentes ocupados;2022;2022;92861;Não tinham banheiro nem sanitário;1020;Unidades;366909
3;Unidade da Federação;23;Ceará;381;Domicílios particulares permanentes ocupados;2022;2022;46292;Total;1020;Unidades;3020374
3;Unidade da Federação;23;Ceará;381;Domicílios particulares permanentes ocupados;2022;2022;72110;Rede geral ou pluvial;1020;Unidades;1155282
3;Unidade da Federação;23;Ceará;381;Domicílios particulares permanentes ocupados;2022;2022;72111;Fossa séptica ou fossa filtro ligada à rede;1020;Unidades;88333
3;Unidade da Federação;23;Ceará;381;Domicílios particulares permanentes ocupados;2022;2022;72112;Fossa séptica ou fossa filtro não ligada à rede;1020;Unidades;593954
3;Unidade da Federação;23;Ceará;381;Domicílios particulares permanentes ocupados;2022;2022;72113;Fossa rudimentar ou buraco;1020;Unidades;1024624
3;Unidade da Federação;23;Ceará;381;Domicílios particulares permanentes ocupados;2022;2022;92858;Vala;1020;Unidades;52038
3;Unidade da Federação;23;Ceará;381;Domicílios particulares permanentes ocupados;2022;2022;72114;Rio, lago, córrego ou mar;1020;Unidades;26318
3;Unidade da Federação;23;Ceará;381;Domicílios particulares permanentes ocupados;2022;2022;72115;Outra forma;1020;Unidades;46626
3;Unidade da Federação;23;Ceará;381;Domicílios particulares permanentes ocupados;2022;2022;92861;Não tinham banheiro nem sanitário;1020;Unidades;33199
6;Município;2300101;Abaiara - CE;381;Domicílios particulares permanentes ocupados;2022;2022;46292;Total;1020;Unidades;3495
6;Município;2300101;Abaiara - CE;381;Domicílios particulares permanentes ocupados;2022;2022;72110;Rede geral ou pluvial;1020;Unidades;99
6;Município;2300101;Abaiara - CE;381;Domicílios particulares permanentes ocupados;2022;2022;72111;Fossa séptica ou fossa filtro ligada à rede;1020;Unidades;6
6;Município;2300101;Abaiara - CE;381;Domicílios particulares permanentes ocupados;2022;2022;72112;Fossa séptica ou fossa filtro não ligada à rede;1020;Unidades;38
6;Município;2300101;Abaiara - CE;381;Domicílios particulares permanentes ocupados;2022;2022;72113;Fossa rudimentar ou buraco;1020;Unidades;3138
6;Município;2300101;Abaiara - CE;381;Domicílios particulares permanentes ocupados;2022;2022;92858;Vala;1020;Unidades;10
6;Município;2300101;Abaiara - CE;381;Domicílios particulares permanentes ocupados;2022;2022;72114;Rio, lago, córrego ou mar;1020;Unidades;46
6;Município;2300101;Abaiara - CE;381;Domicílios particulares permanentes ocupados;2022;2022;72115;Outra forma;1020;Unidades;88
6;Município;2300101;Abaiara - CE;381;Domicílios particulares permanentes ocupados;2022;2022;92861;Não tinham banheiro nem sanitário;1020;Unidades;70
6;Município;2300150;Acarape - CE;381;Domicílios particulares permanentes ocupados;2022;2022;46292;Total;1020;Unidades;4439
6;Município;2300150;Acarape - CE;381;Domicílios particulares permanentes ocupados;2022;2022;72110;Rede geral ou pluvial;1020;Unidades;1351
6;Município;2300150;Acarape - CE;381;Domicílios particulares permanentes ocupados;2022;2022;72111;Fossa séptica ou fossa filtro ligada à rede;1020;Unidades;82
6;Município;2300150;Acarape - CE;381;Domicílios particulares permanentes ocupados;2022;2022;72112;Fossa séptica ou fossa filtro não ligada à rede;1020;Unidades;577
6;Município;2300150;Acarape - CE;381;Domicílios particulares permanentes ocupados;2022;2022;72113;Fossa rudimentar ou buraco;1020;Unidades;2241
6;Município;2300150;Acarape - CE;381;Domicílios particulares permanentes ocupados;2022;2022;92858;Vala;1020;Unidades;61
6;Município;2300150;Acarape - CE;381;Domicílios particulares permanentes ocupados;2022;2022;72114;Rio, lago, córrego ou mar;1020;Unidades;44
6;Município;2300150;Acarape - CE;381;Domicílios particulares permanentes ocupados;2022;2022;72115;Outra forma;1020;Unidades;60
6;Município;2300150;Acarape - CE;381;Domicílios particulares permanentes ocupados;2022;2022;92861;Não tinham banheiro nem sanitário;1020;Unidades;23
6;Município;2300200;Acaraú - CE;381;Domicílios particulares permanentes ocupados;2022;2022;46292;Total;1020;Unidades;20955
6;Município;2300200;Acaraú - CE;381;Domicílios particulares permanentes ocupados;2022;2022;72110;Rede geral ou pluvial;1020;Unidades;1595
6;Município;2300200;Acaraú - CE;381;Domicílios particulares permanentes ocupados;2022;2022;72111;Fossa séptica ou fossa filtro ligada à rede;1020;Unidades;146
6;Município;2300200;Acaraú - CE;381;Domicílios particulares permanentes ocupados;2022;2022;72112;Fossa séptica ou fossa filtro não ligada à rede;1020;Unidades;5595
6;Município;2300200;Acaraú - CE;381;Domicílios particulares permanentes ocupados;2022;2022;72113;Fossa rudimentar ou buraco;1020;Unidades;12615
6;Município;2300200;Acaraú - CE;381;Domicílios particulares permanentes ocupados;2022;2022;92858;Vala;1020;Unidades;499
6;Município;2300200;Acaraú - CE;381;Domicílios particulares permanentes ocupados;2022;2022;72114;Rio, lago, córrego ou mar;1020;Unidades;17
6;Município;2300200;Acaraú - CE;381;Domicílios particulares permanentes ocupados;2022;2022;72115;Outra forma;1020;Unidades;183
6;Município;2300200;Acaraú - CE;381;Domicílios particulares permanentes ocupados;2022;2022;92861;Não tinham banheiro nem sanitário;1020;Unidades;305
6;Município;2300309;Acopiara - CE;381;Domicílios particulares permanentes ocupados;2022;2022;46292;Total;1020;Unidades;16398
6;Município;2300309;Acopiara - CE;381;Domicílios particulares permanentes ocupados;2022;2022;72110;Rede geral ou pluvial;1020;Unidades;4482
6;Município;2300309;Acopiara - CE;381;Domicílios particulares permanentes ocupados;2022;2022;72111;Fossa séptica ou fossa filtro ligada à rede;1020;Unidades;226
6;Município;2300309;Acopiara - CE;381;Domicílios particulares permanentes ocupados;2022;2022;72112;Fossa séptica ou fossa filtro não ligada à rede;1020;Unidades;2633
6;Município;2300309;Acopiara - CE;381;Domicílios particulares permanentes ocupados;2022;2022;72113;Fossa rudimentar ou buraco;1020;Unidades;6878
6;Município;2300309;Acopiara - CE;381;Domicílios particulares permanentes ocupados;2022;2022;92858;Vala;1020;Unidades;874
6;Município;2300309;Acopiara - CE;381;Domicílios particulares permanentes ocupados;2022;2022;72114;Rio, lago, córrego ou mar;1020;Unidades;172
6;Município;2300309;Acopiara - CE;381;Domicílios particulares permanentes ocupados;2022;2022;72115;Outra forma;1020;Unidades;488
6;Município;2300309;Acopiara - CE;381;Domicílios particulares permanentes ocupados;2022;2022;92861;Não tinham banheiro nem sanitário;1020;Unidades;645
6;Município;2300408;Aiuaba - CE;381;Domicílios particulares permanentes ocupados;2022;2022;46292;Total;1020;Unidades;4923
6;Município;2300408;Aiuaba - CE;381;Domicílios particulares permanentes ocupados;2022;2022;72110;Rede geral ou pluvial;1020;Unidades;777
6;Município;2300408;Aiuaba - CE;381;Domicílios particulares permanentes ocupados;2022;2022;72111;Fossa séptica ou fossa filtro ligada à rede;1020;Unidades;61
6;Município;2300408;Aiuaba - CE;381;Domicílios particulares permanentes ocupados;2022;2022;72112;Fossa séptica ou fossa filtro não ligada à rede;1020;Unidades;787
6;Município;2300408;Aiuaba - CE;381;Domicílios particulares permanentes ocupados;2022;2022;72113;Fossa rudimentar ou buraco;1020;Unidades;2309
6;Município;2300408;Aiuaba - CE;381;Domicílios particulares permanentes ocupados;2022;2022;92858;Vala;1020;Unidades;339
6;Município;2300408;Aiuaba - CE;381;Domicílios particulares permanentes ocupados;2022;2022;72114;Rio, lago, córrego ou mar;1020;Unidades;6
6;Município;2300408;Aiuaba - CE;381;Domicílios particulares permanentes ocupados;2022;2022;72115;Outra forma;1020;Unidades;119
6;Município;2300408;Aiuaba - CE;381;Domicílios particulares permanentes ocupados;2022;2022;92861;Não tinham banheiro nem sanitário;1020;Unidades;525
6;Município;2300507;Alcântaras - CE;381;Domicílios particulares permanentes ocupados;2022;2022;46292;Total;1020;Unidades;3780
6;Município;2300507;Alcântaras - CE;381;Domicílios particulares permanentes ocupados;2022;2022;72110;Rede geral ou pluvial;1020;Unidades;828
6;Município;2300507;Alcântaras - CE;381;Domicílios particulares permanentes ocupados;2022;2022;72111;Fossa séptica ou fossa filtro ligada à rede;1020;Unidades;7
6;Município;2300507;Alcântaras - CE;381;Domicílios particulares permanentes ocupados;2022;2022;72112;Fossa séptica ou fossa filtro não ligada à rede;1020;Unidades;36
6;Município;2300507;Alcântaras - CE;381;Domicílios particulares permanentes ocupados;2022;2022;72113;Fossa rudimentar ou buraco;1020;Unidades;2645
6;Município;2300507;Alcântaras - CE;381;Domicílios particulares permanentes ocupados;2022;2022;92858;Vala;1020;Unidades;62
6;Município;2300507;Alcântaras - CE;381;Domicílios particulares permanentes ocupados;2022;2022;72114;Rio, lago, córrego ou mar;1020;Unidades;4
6;Município;2300507;Alcântaras - CE;381;Domicílios particulares permanentes ocupados;2022;2022;72115;Outra forma;1020;Unidades;51
6;Município;2300507;Alcântaras - CE;381;Domicílios particulares permanentes ocupados;2022;2022;92861;Não tinham banheiro nem sanitário;1020;Unidades;147
6;Município;2300606;Altaneira - CE;381;Domicílios particulares permanentes ocupados;2022;2022;46292;Total;1020;Unidades;2485
6;Município;2300606;Altaneira - CE;381;Domicílios particulares permanentes ocupados;2022;2022;72110;Rede geral ou pluvial;1020;Unidades;404
6;Município;2300606;Altaneira - CE;381;Domicílios particulares permanentes ocupados;2022;2022;72111;Fossa séptica ou fossa filtro ligada à rede;1020;Unidades;11
6;Município;2300606;Altaneira - CE;381;Domicílios particulares permanentes ocupados;2022;2022;72112;Fossa séptica ou fossa filtro não ligada à rede;1020;Unidades;395
6;Município;2300606;Altaneira - CE;381;Domicílios particulares permanentes ocupados;2022;2022;72113;Fossa rudimentar ou buraco;1020;Unidades;1636
6;Município;2300606;Altaneira - CE;381;Domicílios particulares permanentes ocupados;2022;2022;92858;Vala;1020;Unidades;2
6;Município;2300606;Altaneira - CE;381;Domicílios particulares permanentes ocupados;2022;2022;72114;Rio, lago, córrego ou mar;1020;Unidades;-
6;Município;2300606;Altaneira - CE;381;Domicílios particulares permanentes ocupados;2022;2022;72115;Outra forma;1020;Unidades;28
6;Município;2300606;Altaneira - CE;381;Domicílios particulares permanentes ocupados;2022;2022;92861;Não tinham banheiro nem sanitário;1020;Unidades;9
6;Município;2300705;Alto Santo - CE;381;Domicílios particulares permanentes ocupados;2022;2022;46292;Total;1020;Unidades;4972
6;Município;2300705;Alto Santo - CE;381;Domicílios particulares permanentes ocupados;2022;2022;72110;Rede geral ou pluvial;1020;Unidades;850
6;Município;2300705;Alto Santo - CE;381;Domicílios particulares permanentes ocupados;2022;2022;72111;Fossa séptica ou fossa filtro ligada à rede;1020;Unidades;326
6;Município;2300705;Alto Santo - CE;381;Domicílios particulares permanentes ocupados;2022;2022;72112;Fossa séptica ou fossa filtro não ligada à rede;1020;Unidades;2611
6;Município;2300705;Alto Santo - CE;381;Domicílios particulares permanentes ocupados;2022;2022;72113;Fossa rudimentar ou buraco;1020;Unidades;541
6;Município;2300705;Alto Santo - CE;381;Domicílios particulares permanentes ocupados;2022;2022;92858;Vala;1020;Unidades;343
6;Município;2300705;Alto Santo - CE;381;Domicílios particulares permanentes ocupados;2022;2022;72114;Rio, lago, córrego ou mar;1020;Unidades;69
6;Município;2300705;Alto Santo - CE;381;Domicílios particulares permanentes ocupados;2022;2022;72115;Outra forma;1020;Unidades;224
6;Município;2300705;Alto Santo - CE;381;Domicílios particulares permanentes ocupados;2022;2022;92861;Não tinham banheiro nem sanitário;1020;Unidades;8
6;Município;2300754;Amontada - CE;381;Domicílios particulares permanentes ocupados;2022;2022;46292;Total;1020;Unidades;13230
6;Município;2300754;Amontada - CE;381;Domicílios particulares permanentes ocupados;2022;2022;72110;Rede geral ou pluvial;1020;Unidades;900
6;Município;2300754;Amontada - CE;381;Domicílios particulares permanentes ocupados;2022;2022;72111;Fossa séptica ou fossa filtro ligada à rede;1020;Unidades;147
6;Município;2300754;Amontada - CE;381;Domicílios particulares permanentes ocupados;2022;2022;72112;Fossa séptica ou fossa filtro não ligada à rede;1020;Unidades;1798
6;Município;2300754;Amontada - CE;381;Domicílios particulares permanentes ocupados;2022;2022;72113;Fossa rudimentar ou buraco;1020;Unidades;9220
6;Município;2300754;Amontada - CE;381;Domicílios particulares permanentes ocupados;2022;2022;92858;Vala;1020;Unidades;467
6;Município;2300754;Amontada - CE;381;Domicílios particulares permanentes ocupados;2022;2022;72114;Rio, lago, córrego ou mar;1020;Unidades;19
6;Município;2300754;Amontada - CE;381;Domicílios particulares permanentes ocupados;2022;2022;72115;Outra forma;1020;Unidades;270
6;Município;2300754;Amontada - CE;381;Domicílios particulares permanentes ocupados;2022;2022;92861;Não tinham banheiro nem sanitário;1020;Unidades;409
6;Município;2300804;Antonina do Norte - CE;381;Domicílios particulares permanentes ocupados;2022;2022;46292;Total;1020;Unidades;2594
6;Município;2300804;Antonina do Norte - CE;381;Domicílios particulares permanentes ocupados;2022;2022;72110;Rede geral ou pluvial;1020;Unidades;1168
6;Município;2300804;Antonina do Norte - CE;381;Domicílios particulares permanentes ocupados;2022;2022;72111;Fossa séptica ou fossa filtro ligada à rede;1020;Unidades;64
6;Município;2300804;Antonina do Norte - CE;381;Domicílios particulares permanentes ocupados;2022;2022;72112;Fossa séptica ou fossa filtro não ligada à rede;1020;Unidades;261
6;Município;2300804;Antonina do Norte - CE;381;Domicílios particulares permanentes ocupados;2022;2022;72113;Fossa rudimentar ou buraco;1020;Unidades;965
6;Município;2300804;Antonina do Norte - CE;381;Domicílios particulares permanentes ocupados;2022;2022;92858;Vala;1020;Unidades;66
6;Município;2300804;Antonina do Norte - CE;381;Domicílios particulares permanentes ocupados;2022;2022;72114;Rio, lago, córrego ou mar;1020;Unidades;5
6;Município;2300804;Antonina do Norte - CE;381;Domicílios particulares permanentes ocupados;2022;2022;72115;Outra forma;1020;Unidades;20
6;Município;2300804;Antonina do Norte - CE;381;Domicílios particulares permanentes ocupados;2022;2022;92861;Não tinham banheiro nem sanitário;1020;Unidades;45
6;Município;2300903;Apuiarés - CE;381;Domicílios particulares permanentes ocupados;2022;2022;46292;Total;1020;Unidades;4548
6;Município;2300903;Apuiarés - CE;381;Domicílios particulares permanentes ocupados;2022;2022;72110;Rede geral ou pluvial;1020;Unidades;413
6;Município;2300903;Apuiarés - CE;381;Domicílios particulares permanentes ocupados;2022;2022;72111;Fossa séptica ou fossa filtro ligada à rede;1020;Unidades;83
6;Município;2300903;Apuiarés - CE;381;Domicílios particulares permanentes ocupados;2022;2022;72112;Fossa séptica ou fossa filtro não ligada à rede;1020;Unidades;599
6;Município;2300903;Apuiarés - CE;381;Domicílios particulares permanentes ocupados;2022;2022;72113;Fossa rudimentar ou buraco;1020;Unidades;3225
6;Município;2300903;Apuiarés - CE;381;Domicílios particulares permanentes ocupados;2022;2022;92858;Vala;1020;Unidades;106
6;Município;2300903;Apuiarés - CE;381;Domicílios particulares permanentes ocupados;2022;2022;72114;Rio, lago, córrego ou mar;1020;Unidades;33
6;Município;2300903;Apuiarés - CE;381;Domicílios particulares permanentes ocupados;2022;2022;72115;Outra forma;1020;Unidades;77
6;Município;2300903;Apuiarés - CE;381;Domicílios particulares permanentes ocupados;2022;2022;92861;Não tinham banheiro nem sanitário;1020;Unidades;12
6;Município;2301000;Aquiraz - CE;381;Domicílios particulares permanentes ocupados;2022;2022;46292;Total;1020;Unidades;27749
6;Município;2301000;Aquiraz - CE;381;Domicílios particulares permanentes ocupados;2022;2022;72110;Rede geral ou pluvial;1020;Unidades;2926
6;Município;2301000;Aquiraz - CE;381;Domicílios particulares permanentes ocupados;2022;2022;72111;Fossa séptica ou fossa filtro ligada à rede;1020;Unidades;1202
6;Município;2301000;Aquiraz - CE;381;Domicílios particulares permanentes ocupados;2022;2022;72112;Fossa séptica ou fossa filtro não ligada à rede;1020;Unidades;11300
6;Município;2301000;Aquiraz - CE;381;Domicílios particulares permanentes ocupados;2022;2022;72113;Fossa rudimentar ou buraco;1020;Unidades;11799
6;Município;2301000;Aquiraz - CE;381;Domicílios particulares permanentes ocupados;2022;2022;92858;Vala;1020;Unidades;248
6;Município;2301000;Aquiraz - CE;381;Domicílios particulares permanentes ocupados;2022;2022;72114;Rio, lago, córrego ou mar;1020;Unidades;19
6;Município;2301000;Aquiraz - CE;381;Domicílios particulares permanentes ocupados;2022;2022;72115;Outra forma;1020;Unidades;188
6;Município;2301000;Aquiraz - CE;381;Domicílios particulares permanentes ocupados;2022;2022;92861;Não tinham banheiro nem sanitário;1020;Unidades;67
6;Município;2301109;Aracati - CE;381;Domicílios particulares permanentes ocupados;2022;2022;46292;Total;1020;Unidades;26020
6;Município;2301109;Aracati - CE;381;Domicílios particulares permanentes ocupados;2022;2022;72110;Rede geral ou pluvial;1020;Unidades;6539
6;Município;2301109;Aracati - CE;381;Domicílios particulares permanentes ocupados;2022;2022;72111;Fossa séptica ou fossa filtro ligada à rede;1020;Unidades;354
6;Município;2301109;Aracati - CE;381;Domicílios particulares permanentes ocupados;2022;2022;72112;Fossa séptica ou fossa filtro não ligada à rede;1020;Unidades;6567
6;Município;2301109;Aracati - CE;381;Domicílios particulares permanentes ocupados;2022;2022;72113;Fossa rudimentar ou buraco;1020;Unidades;11797
6;Município;2301109;Aracati - CE;381;Domicílios particulares permanentes ocupados;2022;2022;92858;Vala;1020;Unidades;109
6;Município;2301109;Aracati - CE;381;Domicílios particulares permanentes ocupados;2022;2022;72114;Rio, lago, córrego ou mar;1020;Unidades;14
6;Município;2301109;Aracati - CE;381;Domicílios particulares permanentes ocupados;2022;2022;72115;Outra forma;1020;Unidades;362
6;Município;2301109;Aracati - CE;381;Domicílios particulares permanentes ocupados;2022;2022;92861;Não tinham banheiro nem sanitário;1020;Unidades;278
6;Município;2301208;Aracoiaba - CE;381;Domicílios particulares permanentes ocupados;2022;2022;46292;Total;1020;Unidades;8711
6;Município;2301208;Aracoiaba - CE;381;Domicílios particulares permanentes ocupados;2022;2022;72110;Rede geral ou pluvial;1020;Unidades;612
6;Município;2301208;Aracoiaba - CE;381;Domicílios particulares permanentes ocupados;2022;2022;72111;Fossa séptica ou fossa filtro ligada à rede;1020;Unidades;44
6;Município;2301208;Aracoiaba - CE;381;Domicílios particulares permanentes ocupados;2022;2022;72112;Fossa séptica ou fossa filtro não ligada à rede;1020;Unidades;1126
6;Município;2301208;Aracoiaba - CE;381;Domicílios particulares permanentes ocupados;2022;2022;72113;Fossa rudimentar ou buraco;1020;Unidades;5893
6;Município;2301208;Aracoiaba - CE;381;Domicílios particulares permanentes ocupados;2022;2022;92858;Vala;1020;Unidades;432
6;Município;2301208;Aracoiaba - CE;381;Domicílios particulares permanentes ocupados;2022;2022;72114;Rio, lago, córrego ou mar;1020;Unidades;139
6;Município;2301208;Aracoiaba - CE;381;Domicílios particulares permanentes ocupados;2022;2022;72115;Outra forma;1020;Unidades;431
6;Município;2301208;Aracoiaba - CE;381;Domicílios particulares permanentes ocupados;2022;2022;92861;Não tinham banheiro nem sanitário;1020;Unidades;34
6;Município;2301257;Ararendá - CE;381;Domicílios particulares permanentes ocupados;2022;2022;46292;Total;1020;Unidades;3960
6;Município;2301257;Ararendá - CE;381;Domicílios particulares permanentes ocupados;2022;2022;72110;Rede geral ou pluvial;1020;Unidades;18
6;Município;2301257;Ararendá - CE;381;Domicílios particulares permanentes ocupados;2022;2022;72111;Fossa séptica ou fossa filtro ligada à rede;1020;Unidades;2
6;Município;2301257;Ararendá - CE;381;Domicílios particulares permanentes ocupados;2022;2022;72112;Fossa séptica ou fossa filtro não ligada à rede;1020;Unidades;12
6;Município;2301257;Ararendá - CE;381;Domicílios particulares permanentes ocupados;2022;2022;72113;Fossa rudimentar ou buraco;1020;Unidades;3716
6;Município;2301257;Ararendá - CE;381;Domicílios particulares permanentes ocupados;2022;2022;92858;Vala;1020;Unidades;72
6;Município;2301257;Ararendá - CE;381;Domicílios particulares permanentes ocupados;2022;2022;72114;Rio, lago, córrego ou mar;1020;Unidades;-
6;Município;2301257;Ararendá - CE;381;Domicílios particulares permanentes ocupados;2022;2022;72115;Outra forma;1020;Unidades;39
6;Município;2301257;Ararendá - CE;381;Domicílios particulares permanentes ocupados;2022;2022;92861;Não tinham banheiro nem sanitário;1020;Unidades;101
6;Município;2301307;Araripe - CE;381;Domicílios particulares permanentes ocupados;2022;2022;46292;Total;1020;Unidades;6746
6;Município;2301307;Araripe - CE;381;Domicílios particulares permanentes ocupados;2022;2022;72110;Rede geral ou pluvial;1020;Unidades;1211
6;Município;2301307;Araripe - CE;381;Domicílios particulares permanentes ocupados;2022;2022;72111;Fossa séptica ou fossa filtro ligada à rede;1020;Unidades;359
6;Município;2301307;Araripe - CE;381;Domicílios particulares permanentes ocupados;2022;2022;72112;Fossa séptica ou fossa filtro não ligada à rede;1020;Unidades;660
6;Município;2301307;Araripe - CE;381;Domicílios particulares permanentes ocupados;2022;2022;72113;Fossa rudimentar ou buraco;1020;Unidades;3636
6;Município;2301307;Araripe - CE;381;Domicílios particulares permanentes ocupados;2022;2022;92858;Vala;1020;Unidades;90
6;Município;2301307;Araripe - CE;381;Domicílios particulares permanentes ocupados;2022;2022;72114;Rio, lago, córrego ou mar;1020;Unidades;4
6;Município;2301307;Araripe - CE;381;Domicílios particulares permanentes ocupados;2022;2022;72115;Outra forma;1020;Unidades;170
6;Município;2301307;Araripe - CE;381;Domicílios particulares permanentes ocupados;2022;2022;92861;Não tinham banheiro nem sanitário;1020;Unidades;616
6;Município;2301406;Aratuba - CE;381;Domicílios particulares permanentes ocupados;2022;2022;46292;Total;1020;Unidades;3579
6;Município;2301406;Aratuba - CE;381;Domicílios particulares permanentes ocupados;2022;2022;72110;Rede geral ou pluvial;1020;Unidades;649
6;Município;2301406;Aratuba - CE;381;Domicílios particulares permanentes ocupados;2022;2022;72111;Fossa séptica ou fossa filtro ligada à rede;1020;Unidades;46
6;Município;2301406;Aratuba - CE;381;Domicílios particulares permanentes ocupados;2022;2022;72112;Fossa séptica ou fossa filtro não ligada à rede;1020;Unidades;1171
6;Município;2301406;Aratuba - CE;381;Domicílios particulares permanentes ocupados;2022;2022;72113;Fossa rudimentar ou buraco;1020;Unidades;1336
6;Município;2301406;Aratuba - CE;381;Domicílios particulares permanentes ocupados;2022;2022;92858;Vala;1020;Unidades;256
6;Município;2301406;Aratuba - CE;381;Domicílios particulares permanentes ocupados;2022;2022;72114;Rio, lago, córrego ou mar;1020;Unidades;13
6;Município;2301406;Aratuba - CE;381;Domicílios particulares permanentes ocupados;2022;2022;72115;Outra forma;1020;Unidades;66
6;Município;2301406;Aratuba - CE;381;Domicílios particulares permanentes ocupados;2022;2022;92861;Não tinham banheiro nem sanitário;1020;Unidades;42
6;Município;2301505;Arneiroz - CE;381;Domicílios particulares permanentes ocupados;2022;2022;46292;Total;1020;Unidades;2599
6;Município;2301505;Arneiroz - CE;381;Domicílios particulares permanentes ocupados;2022;2022;72110;Rede geral ou pluvial;1020;Unidades;318
6;Município;2301505;Arneiroz - CE;381;Domicílios particulares permanentes ocupados;2022;2022;72111;Fossa séptica ou fossa filtro ligada à rede;1020;Unidades;152
6;Município;2301505;Arneiroz - CE;381;Domicílios particulares permanentes ocupados;2022;2022;72112;Fossa séptica ou fossa filtro não ligada à rede;1020;Unidades;1293
6;Município;2301505;Arneiroz - CE;381;Domicílios particulares permanentes ocupados;2022;2022;72113;Fossa rudimentar ou buraco;1020;Unidades;627
6;Município;2301505;Arneiroz - CE;381;Domicílios particulares permanentes ocupados;2022;2022;92858;Vala;1020;Unidades;27
6;Município;2301505;Arneiroz - CE;381;Domicílios particulares permanentes ocupados;2022;2022;72114;Rio, lago, córrego ou mar;1020;Unidades;11
6;Município;2301505;Arneiroz - CE;381;Domicílios particulares permanentes ocupados;2022;2022;72115;Outra forma;1020;Unidades;46
6;Município;2301505;Arneiroz - CE;381;Domicílios particulares permanentes ocupados;2022;2022;92861;Não tinham banheiro nem sanitário;1020;Unidades;125
6;Município;2301604;Assaré - CE;381;Domicílios particulares permanentes ocupados;2022;2022;46292;Total;1020;Unidades;7745
6;Município;2301604;Assaré - CE;381;Domicílios particulares permanentes ocupados;2022;2022;72110;Rede geral ou pluvial;1020;Unidades;836
6;Município;2301604;Assaré - CE;381;Domicílios particulares permanentes ocupados;2022;2022;72111;Fossa séptica ou fossa filtro ligada à rede;1020;Unidades;91
6;Município;2301604;Assaré - CE;381;Domicílios particulares permanentes ocupados;2022;2022;72112;Fossa séptica ou fossa filtro não ligada à rede;1020;Unidades;952
6;Município;2301604;Assaré - CE;381;Domicílios particulares permanentes ocupados;2022;2022;72113;Fossa rudimentar ou buraco;1020;Unidades;5252
6;Município;2301604;Assaré - CE;381;Domicílios particulares permanentes ocupados;2022;2022;92858;Vala;1020;Unidades;172
6;Município;2301604;Assaré - CE;381;Domicílios particulares permanentes ocupados;2022;2022;72114;Rio, lago, córrego ou mar;1020;Unidades;19
6;Município;2301604;Assaré - CE;381;Domicílios particulares permanentes ocupados;2022;2022;72115;Outra forma;1020;Unidades;103
6;Município;2301604;Assaré - CE;381;Domicílios particulares permanentes ocupados;2022;2022;92861;Não tinham banheiro nem sanitário;1020;Unidades;320
6;Município;2301703;Aurora - CE;381;Domicílios particulares permanentes ocupados;2022;2022;46292;Total;1020;Unidades;8422
6;Município;2301703;Aurora - CE;381;Domicílios particulares permanentes ocupados;2022;2022;72110;Rede geral ou pluvial;1020;Unidades;978
6;Município;2301703;Aurora - CE;381;Domicílios particulares permanentes ocupados;2022;2022;72111;Fossa séptica ou fossa filtro ligada à rede;1020;Unidades;71
6;Município;2301703;Aurora - CE;381;Domicílios particulares permanentes ocupados;2022;2022;72112;Fossa séptica ou fossa filtro não ligada à rede;1020;Unidades;1663
6;Município;2301703;Aurora - CE;381;Domicílios particulares permanentes ocupados;2022;2022;72113;Fossa rudimentar ou buraco;1020;Unidades;5301
6;Município;2301703;Aurora - CE;381;Domicílios particulares permanentes ocupados;2022;2022;92858;Vala;1020;Unidades;83
6;Município;2301703;Aurora - CE;381;Domicílios particulares permanentes ocupados;2022;2022;72114;Rio, lago, córrego ou mar;1020;Unidades;30
6;Município;2301703;Aurora - CE;381;Domicílios particulares permanentes ocupados;2022;2022;72115;Outra forma;1020;Unidades;84
6;Município;2301703;Aurora - CE;381;Domicílios particulares permanentes ocupados;2022;2022;92861;Não tinham banheiro nem sanitário;1020;Unidades;212
6;Município;2301802;Baixio - CE;381;Domicílios particulares permanentes ocupados;2022;2022;46292;Total;1020;Unidades;2011
6;Município;2301802;Baixio - CE;381;Domicílios particulares permanentes ocupados;2022;2022;72110;Rede geral ou pluvial;1020;Unidades;214
6;Município;2301802;Baixio - CE;381;Domicílios particulares permanentes ocupados;2022;2022;72111;Fossa séptica ou fossa filtro ligada à rede;1020;Unidades;52
6;Município;2301802;Baixio - CE;381;Domicílios particulares permanentes ocupados;2022;2022;72112;Fossa séptica ou fossa filtro não ligada à rede;1020;Unidades;282
6;Município;2301802;Baixio - CE;381;Domicílios particulares permanentes ocupados;2022;2022;72113;Fossa rudimentar ou buraco;1020;Unidades;1131
6;Município;2301802;Baixio - CE;381;Domicílios particulares permanentes ocupados;2022;2022;92858;Vala;1020;Unidades;20
6;Município;2301802;Baixio - CE;381;Domicílios particulares permanentes ocupados;2022;2022;72114;Rio, lago, córrego ou mar;1020;Unidades;12
6;Município;2301802;Baixio - CE;381;Domicílios particulares permanentes ocupados;2022;2022;72115;Outra forma;1020;Unidades;270
6;Município;2301802;Baixio - CE;381;Domicílios particulares permanentes ocupados;2022;2022;92861;Não tinham banheiro nem sanitário;1020;Unidades;30
6;Município;2301851;Banabuiú - CE;381;Domicílios particulares permanentes ocupados;2022;2022;46292;Total;1020;Unidades;5585
6;Município;2301851;Banabuiú - CE;381;Domicílios particulares permanentes ocupados;2022;2022;72110;Rede geral ou pluvial;1020;Unidades;1560
6;Município;2301851;Banabuiú - CE;381;Domicílios particulares permanentes ocupados;2022;2022;72111;Fossa séptica ou fossa filtro ligada à rede;1020;Unidades;261
6;Município;2301851;Banabuiú - CE;381;Domicílios particulares permanentes ocupados;2022;2022;72112;Fossa séptica ou fossa filtro não ligada à rede;1020;Unidades;50
6;Município;2301851;Banabuiú - CE;381;Domicílios particulares permanentes ocupados;2022;2022;72113;Fossa rudimentar ou buraco;1020;Unidades;3355
6;Município;2301851;Banabuiú - CE;381;Domicílios particulares permanentes ocupados;2022;2022;92858;Vala;1020;Unidades;96
6;Município;2301851;Banabuiú - CE;381;Domicílios particulares permanentes ocupados;2022;2022;72114;Rio, lago, córrego ou mar;1020;Unidades;22
6;Município;2301851;Banabuiú - CE;381;Domicílios particulares permanentes ocupados;2022;2022;72115;Outra forma;1020;Unidades;141
6;Município;2301851;Banabuiú - CE;381;Domicílios particulares permanentes ocupados;2022;2022;92861;Não tinham banheiro nem sanitário;1020;Unidades;100
6;Município;2301901;Barbalha - CE;381;Domicílios particulares permanentes ocupados;2022;2022;46292;Total;1020;Unidades;24142
6;Município;2301901;Barbalha - CE;381;Domicílios particulares permanentes ocupados;2022;2022;72110;Rede geral ou pluvial;1020;Unidades;4632
6;Município;2301901;Barbalha - CE;381;Domicílios particulares permanentes ocupados;2022;2022;72111;Fossa séptica ou fossa filtro ligada à rede;1020;Unidades;289
6;Município;2301901;Barbalha - CE;381;Domicílios particulares permanentes ocupados;2022;2022;72112;Fossa séptica ou fossa filtro não ligada à rede;1020;Unidades;9753
6;Município;2301901;Barbalha - CE;381;Domicílios particulares permanentes ocupados;2022;2022;72113;Fossa rudimentar ou buraco;1020;Unidades;8618
6;Município;2301901;Barbalha - CE;381;Domicílios particulares permanentes ocupados;2022;2022;92858;Vala;1020;Unidades;256
6;Município;2301901;Barbalha - CE;381;Domicílios particulares permanentes ocupados;2022;2022;72114;Rio, lago, córrego ou mar;1020;Unidades;96
6;Município;2301901;Barbalha - CE;381;Domicílios particulares permanentes ocupados;2022;2022;72115;Outra forma;1020;Unidades;349
6;Município;2301901;Barbalha - CE;381;Domicílios particulares permanentes ocupados;2022;2022;92861;Não tinham banheiro nem sanitário;1020;Unidades;149
6;Município;2301950;Barreira - CE;381;Domicílios particulares permanentes ocupados;2022;2022;46292;Total;1020;Unidades;7572
6;Município;2301950;Barreira - CE;381;Domicílios particulares permanentes ocupados;2022;2022;72110;Rede geral ou pluvial;1020;Unidades;1137
6;Município;2301950;Barreira - CE;381;Domicílios particulares permanentes ocupados;2022;2022;72111;Fossa séptica ou fossa filtro ligada à rede;1020;Unidades;15
6;Município;2301950;Barreira - CE;381;Domicílios particulares permanentes ocupados;2022;2022;72112;Fossa séptica ou fossa filtro não ligada à rede;1020;Unidades;321
6;Município;2301950;Barreira - CE;381;Domicílios particulares permanentes ocupados;2022;2022;72113;Fossa rudimentar ou buraco;1020;Unidades;5919
6;Município;2301950;Barreira - CE;381;Domicílios particulares permanentes ocupados;2022;2022;92858;Vala;1020;Unidades;66
6;Município;2301950;Barreira - CE;381;Domicílios particulares permanentes ocupados;2022;2022;72114;Rio, lago, córrego ou mar;1020;Unidades;2
6;Município;2301950;Barreira - CE;381;Domicílios particulares permanentes ocupados;2022;2022;72115;Outra forma;1020;Unidades;96
6;Município;2301950;Barreira - CE;381;Domicílios particulares permanentes ocupados;2022;2022;92861;Não tinham banheiro nem sanitário;1020;Unidades;16
6;Município;2302008;Barro - CE;381;Domicílios particulares permanentes ocupados;2022;2022;46292;Total;1020;Unidades;6946
6;Município;2302008;Barro - CE;381;Domicílios particulares permanentes ocupados;2022;2022;72110;Rede geral ou pluvial;1020;Unidades;884
6;Município;2302008;Barro - CE;381;Domicílios particulares permanentes ocupados;2022;2022;72111;Fossa séptica ou fossa filtro ligada à rede;1020;Unidades;229
6;Município;2302008;Barro - CE;381;Domicílios particulares permanentes ocupados;2022;2022;72112;Fossa séptica ou fossa filtro não ligada à rede;1020;Unidades;2144
6;Município;2302008;Barro - CE;381;Domicílios particulares permanentes ocupados;2022;2022;72113;Fossa rudimentar ou buraco;1020;Unidades;2854
6;Município;2302008;Barro - CE;381;Domicílios particulares permanentes ocupados;2022;2022;92858;Vala;1020;Unidades;136
6;Município;2302008;Barro - CE;381;Domicílios particulares permanentes ocupados;2022;2022;72114;Rio, lago, córrego ou mar;1020;Unidades;42
6;Município;2302008;Barro - CE;381;Domicílios particulares permanentes ocupados;2022;2022;72115;Outra forma;1020;Unidades;565
6;Município;2302008;Barro - CE;381;Domicílios particulares permanentes ocupados;2022;2022;92861;Não tinham banheiro nem sanitário;1020;Unidades;92
6;Município;2302057;Barroquinha - CE;381;Domicílios particulares permanentes ocupados;2022;2022;46292;Total;1020;Unidades;4755
6;Município;2302057;Barroquinha - CE;381;Domicílios particulares permanentes ocupados;2022;2022;72110;Rede geral ou pluvial;1020;Unidades;688
6;Município;2302057;Barroquinha - CE;381;Domicílios particulares permanentes ocupados;2022;2022;72111;Fossa séptica ou fossa filtro ligada à rede;1020;Unidades;21
6;Município;2302057;Barroquinha - CE;381;Domicílios particulares permanentes ocupados;2022;2022;72112;Fossa séptica ou fossa filtro não ligada à rede;1020;Unidades;1261
6;Município;2302057;Barroquinha - CE;381;Domicílios particulares permanentes ocupados;2022;2022;72113;Fossa rudimentar ou buraco;1020;Unidades;2421
6;Município;2302057;Barroquinha - CE;381;Domicílios particulares permanentes ocupados;2022;2022;92858;Vala;1020;Unidades;46
6;Município;2302057;Barroquinha - CE;381;Domicílios particulares permanentes ocupados;2022;2022;72114;Rio, lago, córrego ou mar;1020;Unidades;-
6;Município;2302057;Barroquinha - CE;381;Domicílios particulares permanentes ocupados;2022;2022;72115;Outra forma;1020;Unidades;169
6;Município;2302057;Barroquinha - CE;381;Domicílios particulares permanentes ocupados;2022;2022;92861;Não tinham banheiro nem sanitário;1020;Unidades;149
6;Município;2302107;Baturité - CE;381;Domicílios particulares permanentes ocupados;2022;2022;46292;Total;1020;Unidades;11850
6;Município;2302107;Baturité - CE;381;Domicílios particulares permanentes ocupados;2022;2022;72110;Rede geral ou pluvial;1020;Unidades;4876
6;Município;2302107;Baturité - CE;381;Domicílios particulares permanentes ocupados;2022;2022;72111;Fossa séptica ou fossa filtro ligada à rede;1020;Unidades;258
6;Município;2302107;Baturité - CE;381;Domicílios particulares permanentes ocupados;2022;2022;72112;Fossa séptica ou fossa filtro não ligada à rede;1020;Unidades;1860
6;Município;2302107;Baturité - CE;381;Domicílios particulares permanentes ocupados;2022;2022;72113;Fossa rudimentar ou buraco;1020;Unidades;3244
6;Município;2302107;Baturité - CE;381;Domicílios particulares permanentes ocupados;2022;2022;92858;Vala;1020;Unidades;482
6;Município;2302107;Baturité - CE;381;Domicílios particulares permanentes ocupados;2022;2022;72114;Rio, lago, córrego ou mar;1020;Unidades;1009
6;Município;2302107;Baturité - CE;381;Domicílios particulares permanentes ocupados;2022;2022;72115;Outra forma;1020;Unidades;105
6;Município;2302107;Baturité - CE;381;Domicílios particulares permanentes ocupados;2022;2022;92861;Não tinham banheiro nem sanitário;1020;Unidades;16
6;Município;2302206;Beberibe - CE;381;Domicílios particulares permanentes ocupados;2022;2022;46292;Total;1020;Unidades;18251
6;Município;2302206;Beberibe - CE;381;Domicílios particulares permanentes ocupados;2022;2022;72110;Rede geral ou pluvial;1020;Unidades;1416
6;Município;2302206;Beberibe - CE;381;Domicílios particulares permanentes ocupados;2022;2022;72111;Fossa séptica ou fossa filtro ligada à rede;1020;Unidades;290
6;Município;2302206;Beberibe - CE;381;Domicílios particulares permanentes ocupados;2022;2022;72112;Fossa séptica ou fossa filtro não ligada à rede;1020;Unidades;5844
6;Município;2302206;Beberibe - CE;381;Domicílios particulares permanentes ocupados;2022;2022;72113;Fossa rudimentar ou buraco;1020;Unidades;10210
6;Município;2302206;Beberibe - CE;381;Domicílios particulares permanentes ocupados;2022;2022;92858;Vala;1020;Unidades;96
6;Município;2302206;Beberibe - CE;381;Domicílios particulares permanentes ocupados;2022;2022;72114;Rio, lago, córrego ou mar;1020;Unidades;8
6;Município;2302206;Beberibe - CE;381;Domicílios particulares permanentes ocupados;2022;2022;72115;Outra forma;1020;Unidades;180
6;Município;2302206;Beberibe - CE;381;Domicílios particulares permanentes ocupados;2022;2022;92861;Não tinham banheiro nem sanitário;1020;Unidades;207
6;Município;2302305;Bela Cruz - CE;381;Domicílios particulares permanentes ocupados;2022;2022;46292;Total;1020;Unidades;11009
6;Município;2302305;Bela Cruz - CE;381;Domicílios particulares permanentes ocupados;2022;2022;72110;Rede geral ou pluvial;1020;Unidades;2340
6;Município;2302305;Bela Cruz - CE;381;Domicílios particulares permanentes ocupados;2022;2022;72111;Fossa séptica ou fossa filtro ligada à rede;1020;Unidades;191
6;Município;2302305;Bela Cruz - CE;381;Domicílios particulares permanentes ocupados;2022;2022;72112;Fossa séptica ou fossa filtro não ligada à rede;1020;Unidades;2312
6;Município;2302305;Bela Cruz - CE;381;Domicílios particulares permanentes ocupados;2022;2022;72113;Fossa rudimentar ou buraco;1020;Unidades;5933
6;Município;2302305;Bela Cruz - CE;381;Domicílios particulares permanentes ocupados;2022;2022;92858;Vala;1020;Unidades;51
6;Município;2302305;Bela Cruz - CE;381;Domicílios particulares permanentes ocupados;2022;2022;72114;Rio, lago, córrego ou mar;1020;Unidades;3
6;Município;2302305;Bela Cruz - CE;381;Domicílios particulares permanentes ocupados;2022;2022;72115;Outra forma;1020;Unidades;129
6;Município;2302305;Bela Cruz - CE;381;Domicílios particulares permanentes ocupados;2022;2022;92861;Não tinham banheiro nem sanitário;1020;Unidades;50
6;Município;2302404;Boa Viagem - CE;381;Domicílios particulares permanentes ocupados;2022;2022;46292;Total;1020;Unidades;18079
6;Município;2302404;Boa Viagem - CE;381;Domicílios particulares permanentes ocupados;2022;2022;72110;Rede geral ou pluvial;1020;Unidades;7407
6;Município;2302404;Boa Viagem - CE;381;Domicílios particulares permanentes ocupados;2022;2022;72111;Fossa séptica ou fossa filtro ligada à rede;1020;Unidades;342
6;Município;2302404;Boa Viagem - CE;381;Domicílios particulares permanentes ocupados;2022;2022;72112;Fossa séptica ou fossa filtro não ligada à rede;1020;Unidades;1750
6;Município;2302404;Boa Viagem - CE;381;Domicílios particulares permanentes ocupados;2022;2022;72113;Fossa rudimentar ou buraco;1020;Unidades;6188
6;Município;2302404;Boa Viagem - CE;381;Domicílios particulares permanentes ocupados;2022;2022;92858;Vala;1020;Unidades;890
6;Município;2302404;Boa Viagem - CE;381;Domicílios particulares permanentes ocupados;2022;2022;72114;Rio, lago, córrego ou mar;1020;Unidades;363
6;Município;2302404;Boa Viagem - CE;381;Domicílios particulares permanentes ocupados;2022;2022;72115;Outra forma;1020;Unidades;645
6;Município;2302404;Boa Viagem - CE;381;Domicílios particulares permanentes ocupados;2022;2022;92861;Não tinham banheiro nem sanitário;1020;Unidades;494
6;Município;2302503;Brejo Santo - CE;381;Domicílios particulares permanentes ocupados;2022;2022;46292;Total;1020;Unidades;17032
6;Município;2302503;Brejo Santo - CE;381;Domicílios particulares permanentes ocupados;2022;2022;72110;Rede geral ou pluvial;1020;Unidades;9427
6;Município;2302503;Brejo Santo - CE;381;Domicílios particulares permanentes ocupados;2022;2022;72111;Fossa séptica ou fossa filtro ligada à rede;1020;Unidades;728
6;Município;2302503;Brejo Santo - CE;381;Domicílios particulares permanentes ocupados;2022;2022;72112;Fossa séptica ou fossa filtro não ligada à rede;1020;Unidades;2425
6;Município;2302503;Brejo Santo - CE;381;Domicílios particulares permanentes ocupados;2022;2022;72113;Fossa rudimentar ou buraco;1020;Unidades;4140
6;Município;2302503;Brejo Santo - CE;381;Domicílios particulares permanentes ocupados;2022;2022;92858;Vala;1020;Unidades;150
6;Município;2302503;Brejo Santo - CE;381;Domicílios particulares permanentes ocupados;2022;2022;72114;Rio, lago, córrego ou mar;1020;Unidades;19
6;Município;2302503;Brejo Santo - CE;381;Domicílios particulares permanentes ocupados;2022;2022;72115;Outra forma;1020;Unidades;97
6;Município;2302503;Brejo Santo - CE;381;Domicílios particulares permanentes ocupados;2022;2022;92861;Não tinham banheiro nem sanitário;1020;Unidades;46
6;Município;2302602;Camocim - CE;381;Domicílios particulares permanentes ocupados;2022;2022;46292;Total;1020;Unidades;20367
6;Município;2302602;Camocim - CE;381;Domicílios particulares permanentes ocupados;2022;2022;72110;Rede geral ou pluvial;1020;Unidades;7717
6;Município;2302602;Camocim - CE;381;Domicílios particulares permanentes ocupados;2022;2022;72111;Fossa séptica ou fossa filtro ligada à rede;1020;Unidades;1098
6;Município;2302602;Camocim - CE;381;Domicílios particulares permanentes ocupados;2022;2022;72112;Fossa séptica ou fossa filtro não ligada à rede;1020;Unidades;5640
6;Município;2302602;Camocim - CE;381;Domicílios particulares permanentes ocupados;2022;2022;72113;Fossa rudimentar ou buraco;1020;Unidades;4967
6;Município;2302602;Camocim - CE;381;Domicílios particulares permanentes ocupados;2022;2022;92858;Vala;1020;Unidades;106
6;Município;2302602;Camocim - CE;381;Domicílios particulares permanentes ocupados;2022;2022;72114;Rio, lago, córrego ou mar;1020;Unidades;26
6;Município;2302602;Camocim - CE;381;Domicílios particulares permanentes ocupados;2022;2022;72115;Outra forma;1020;Unidades;459
6;Município;2302602;Camocim - CE;381;Domicílios particulares permanentes ocupados;2022;2022;92861;Não tinham banheiro nem sanitário;1020;Unidades;354
6;Município;2302701;Campos Sales - CE;381;Domicílios particulares permanentes ocupados;2022;2022;46292;Total;1020;Unidades;8972
6;Município;2302701;Campos Sales - CE;381;Domicílios particulares permanentes ocupados;2022;2022;72110;Rede geral ou pluvial;1020;Unidades;2171
6;Município;2302701;Campos Sales - CE;381;Domicílios particulares permanentes ocupados;2022;2022;72111;Fossa séptica ou fossa filtro ligada à rede;1020;Unidades;418
6;Município;2302701;Campos Sales - CE;381;Domicílios particulares permanentes ocupados;2022;2022;72112;Fossa séptica ou fossa filtro não ligada à rede;1020;Unidades;910
6;Município;2302701;Campos Sales - CE;381;Domicílios particulares permanentes ocupados;2022;2022;72113;Fossa rudimentar ou buraco;1020;Unidades;3793
6;Município;2302701;Campos Sales - CE;381;Domicílios particulares permanentes ocupados;2022;2022;92858;Vala;1020;Unidades;465
6;Município;2302701;Campos Sales - CE;381;Domicílios particulares permanentes ocupados;2022;2022;72114;Rio, lago, córrego ou mar;1020;Unidades;436
6;Município;2302701;Campos Sales - CE;381;Domicílios particulares permanentes ocupados;2022;2022;72115;Outra forma;1020;Unidades;452
6;Município;2302701;Campos Sales - CE;381;Domicílios particulares permanentes ocupados;2022;2022;92861;Não tinham banheiro nem sanitário;1020;Unidades;327
6;Município;2302800;Canindé - CE;381;Domicílios particulares permanentes ocupados;2022;2022;46292;Total;1020;Unidades;25279
6;Município;2302800;Canindé - CE;381;Domicílios particulares permanentes ocupados;2022;2022;72110;Rede geral ou pluvial;1020;Unidades;5790
6;Município;2302800;Canindé - CE;381;Domicílios particulares permanentes ocupados;2022;2022;72111;Fossa séptica ou fossa filtro ligada à rede;1020;Unidades;901
6;Município;2302800;Canindé - CE;381;Domicílios particulares permanentes ocupados;2022;2022;72112;Fossa séptica ou fossa filtro não ligada à rede;1020;Unidades;3456
6;Município;2302800;Canindé - CE;381;Domicílios particulares permanentes ocupados;2022;2022;72113;Fossa rudimentar ou buraco;1020;Unidades;12840
6;Município;2302800;Canindé - CE;381;Domicílios particulares permanentes ocupados;2022;2022;92858;Vala;1020;Unidades;816
6;Município;2302800;Canindé - CE;381;Domicílios particulares permanentes ocupados;2022;2022;72114;Rio, lago, córrego ou mar;1020;Unidades;366
6;Município;2302800;Canindé - CE;381;Domicílios particulares permanentes ocupados;2022;2022;72115;Outra forma;1020;Unidades;353
6;Município;2302800;Canindé - CE;381;Domicílios particulares permanentes ocupados;2022;2022;92861;Não tinham banheiro nem sanitário;1020;Unidades;757
6;Município;2302909;Capistrano - CE;381;Domicílios particulares permanentes ocupados;2022;2022;46292;Total;1020;Unidades;5914
6;Município;2302909;Capistrano - CE;381;Domicílios particulares permanentes ocupados;2022;2022;72110;Rede geral ou pluvial;1020;Unidades;444
6;Município;2302909;Capistrano - CE;381;Domicílios particulares permanentes ocupados;2022;2022;72111;Fossa séptica ou fossa filtro ligada à rede;1020;Unidades;42
6;Município;2302909;Capistrano - CE;381;Domicílios particulares permanentes ocupados;2022;2022;72112;Fossa séptica ou fossa filtro não ligada à rede;1020;Unidades;807
6;Município;2302909;Capistrano - CE;381;Domicílios particulares permanentes ocupados;2022;2022;72113;Fossa rudimentar ou buraco;1020;Unidades;4121
6;Município;2302909;Capistrano - CE;381;Domicílios particulares permanentes ocupados;2022;2022;92858;Vala;1020;Unidades;295
6;Município;2302909;Capistrano - CE;381;Domicílios particulares permanentes ocupados;2022;2022;72114;Rio, lago, córrego ou mar;1020;Unidades;45
6;Município;2302909;Capistrano - CE;381;Domicílios particulares permanentes ocupados;2022;2022;72115;Outra forma;1020;Unidades;123
6;Município;2302909;Capistrano - CE;381;Domicílios particulares permanentes ocupados;2022;2022;92861;Não tinham banheiro nem sanitário;1020;Unidades;37
6;Município;2303006;Caridade - CE;381;Domicílios particulares permanentes ocupados;2022;2022;46292;Total;1020;Unidades;5354
6;Município;2303006;Caridade - CE;381;Domicílios particulares permanentes ocupados;2022;2022;72110;Rede geral ou pluvial;1020;Unidades;183
6;Município;2303006;Caridade - CE;381;Domicílios particulares permanentes ocupados;2022;2022;72111;Fossa séptica ou fossa filtro ligada à rede;1020;Unidades;25
6;Município;2303006;Caridade - CE;381;Domicílios particulares permanentes ocupados;2022;2022;72112;Fossa séptica ou fossa filtro não ligada à rede;1020;Unidades;1054
6;Município;2303006;Caridade - CE;381;Domicílios particulares permanentes ocupados;2022;2022;72113;Fossa rudimentar ou buraco;1020;Unidades;3734
6;Município;2303006;Caridade - CE;381;Domicílios particulares permanentes ocupados;2022;2022;92858;Vala;1020;Unidades;80
6;Município;2303006;Caridade - CE;381;Domicílios particulares permanentes ocupados;2022;2022;72114;Rio, lago, córrego ou mar;1020;Unidades;24
6;Município;2303006;Caridade - CE;381;Domicílios particulares permanentes ocupados;2022;2022;72115;Outra forma;1020;Unidades;180
6;Município;2303006;Caridade - CE;381;Domicílios particulares permanentes ocupados;2022;2022;92861;Não tinham banheiro nem sanitário;1020;Unidades;74
6;Município;2303105;Cariré - CE;381;Domicílios particulares permanentes ocupados;2022;2022;46292;Total;1020;Unidades;6137
6;Município;2303105;Cariré - CE;381;Domicílios particulares permanentes ocupados;2022;2022;72110;Rede geral ou pluvial;1020;Unidades;1247
6;Município;2303105;Cariré - CE;381;Domicílios particulares permanentes ocupados;2022;2022;72111;Fossa séptica ou fossa filtro ligada à rede;1020;Unidades;361
6;Município;2303105;Cariré - CE;381;Domicílios particulares permanentes ocupados;2022;2022;72112;Fossa séptica ou fossa filtro não ligada à rede;1020;Unidades;1317
6;Município;2303105;Cariré - CE;381;Domicílios particulares permanentes ocupados;2022;2022;72113;Fossa rudimentar ou buraco;1020;Unidades;2847
6;Município;2303105;Cariré - CE;381;Domicílios particulares permanentes ocupados;2022;2022;92858;Vala;1020;Unidades;143
6;Município;2303105;Cariré - CE;381;Domicílios particulares permanentes ocupados;2022;2022;72114;Rio, lago, córrego ou mar;1020;Unidades;2
6;Município;2303105;Cariré - CE;381;Domicílios particulares permanentes ocupados;2022;2022;72115;Outra forma;1020;Unidades;130
6;Município;2303105;Cariré - CE;381;Domicílios particulares permanentes ocupados;2022;2022;92861;Não tinham banheiro nem sanitário;1020;Unidades;90
6;Município;2303204;Caririaçu - CE;381;Domicílios particulares permanentes ocupados;2022;2022;46292;Total;1020;Unidades;8814
6;Município;2303204;Caririaçu - CE;381;Domicílios particulares permanentes ocupados;2022;2022;72110;Rede geral ou pluvial;1020;Unidades;462
6;Município;2303204;Caririaçu - CE;381;Domicílios particulares permanentes ocupados;2022;2022;72111;Fossa séptica ou fossa filtro ligada à rede;1020;Unidades;19
6;Município;2303204;Caririaçu - CE;381;Domicílios particulares permanentes ocupados;2022;2022;72112;Fossa séptica ou fossa filtro não ligada à rede;1020;Unidades;141
6;Município;2303204;Caririaçu - CE;381;Domicílios particulares permanentes ocupados;2022;2022;72113;Fossa rudimentar ou buraco;1020;Unidades;7949
6;Município;2303204;Caririaçu - CE;381;Domicílios particulares permanentes ocupados;2022;2022;92858;Vala;1020;Unidades;45
6;Município;2303204;Caririaçu - CE;381;Domicílios particulares permanentes ocupados;2022;2022;72114;Rio, lago, córrego ou mar;1020;Unidades;8
6;Município;2303204;Caririaçu - CE;381;Domicílios particulares permanentes ocupados;2022;2022;72115;Outra forma;1020;Unidades;77
6;Município;2303204;Caririaçu - CE;381;Domicílios particulares permanentes ocupados;2022;2022;92861;Não tinham banheiro nem sanitário;1020;Unidades;113
6;Município;2303303;Cariús - CE;381;Domicílios particulares permanentes ocupados;2022;2022;46292;Total;1020;Unidades;6290
6;Município;2303303;Cariús - CE;381;Domicílios particulares permanentes ocupados;2022;2022;72110;Rede geral ou pluvial;1020;Unidades;242
6;Município;2303303;Cariús - CE;381;Domicílios particulares permanentes ocupados;2022;2022;72111;Fossa séptica ou fossa filtro ligada à rede;1020;Unidades;12
6;Município;2303303;Cariús - CE;381;Domicílios particulares permanentes ocupados;2022;2022;72112;Fossa séptica ou fossa filtro não ligada à rede;1020;Unidades;1656
6;Município;2303303;Cariús - CE;381;Domicílios particulares permanentes ocupados;2022;2022;72113;Fossa rudimentar ou buraco;1020;Unidades;4035
6;Município;2303303;Cariús - CE;381;Domicílios particulares permanentes ocupados;2022;2022;92858;Vala;1020;Unidades;82
6;Município;2303303;Cariús - CE;381;Domicílios particulares permanentes ocupados;2022;2022;72114;Rio, lago, córrego ou mar;1020;Unidades;57
6;Município;2303303;Cariús - CE;381;Domicílios particulares permanentes ocupados;2022;2022;72115;Outra forma;1020;Unidades;36
6;Município;2303303;Cariús - CE;381;Domicílios particulares permanentes ocupados;2022;2022;92861;Não tinham banheiro nem sanitário;1020;Unidades;170
6;Município;2303402;Carnaubal - CE;381;Domicílios particulares permanentes ocupados;2022;2022;46292;Total;1020;Unidades;5722
6;Município;2303402;Carnaubal - CE;381;Domicílios particulares permanentes ocupados;2022;2022;72110;Rede geral ou pluvial;1020;Unidades;27
6;Município;2303402;Carnaubal - CE;381;Domicílios particulares permanentes ocupados;2022;2022;72111;Fossa séptica ou fossa filtro ligada à rede;1020;Unidades;41
6;Município;2303402;Carnaubal - CE;381;Domicílios particulares permanentes ocupados;2022;2022;72112;Fossa séptica ou fossa filtro não ligada à rede;1020;Unidades;903
6;Município;2303402;Carnaubal - CE;381;Domicílios particulares permanentes ocupados;2022;2022;72113;Fossa rudimentar ou buraco;1020;Unidades;4667
6;Município;2303402;Carnaubal - CE;381;Domicílios particulares permanentes ocupados;2022;2022;92858;Vala;1020;Unidades;22
6;Município;2303402;Carnaubal - CE;381;Domicílios particulares permanentes ocupados;2022;2022;72114;Rio, lago, córrego ou mar;1020;Unidades;3
6;Município;2303402;Carnaubal - CE;381;Domicílios particulares permanentes ocupados;2022;2022;72115;Outra forma;1020;Unidades;39
6;Município;2303402;Carnaubal - CE;381;Domicílios particulares permanentes ocupados;2022;2022;92861;Não tinham banheiro nem sanitário;1020;Unidades;20
6;Município;2303501;Cascavel - CE;381;Domicílios particulares permanentes ocupados;2022;2022;46292;Total;1020;Unidades;25306
6;Município;2303501;Cascavel - CE;381;Domicílios particulares permanentes ocupados;2022;2022;72110;Rede geral ou pluvial;1020;Unidades;885
6;Município;2303501;Cascavel - CE;381;Domicílios particulares permanentes ocupados;2022;2022;72111;Fossa séptica ou fossa filtro ligada à rede;1020;Unidades;215
6;Município;2303501;Cascavel - CE;381;Domicílios particulares permanentes ocupados;2022;2022;72112;Fossa séptica ou fossa filtro não ligada à rede;1020;Unidades;6229
6;Município;2303501;Cascavel - CE;381;Domicílios particulares permanentes ocupados;2022;2022;72113;Fossa rudimentar ou buraco;1020;Unidades;17258
6;Município;2303501;Cascavel - CE;381;Domicílios particulares permanentes ocupados;2022;2022;92858;Vala;1020;Unidades;163
6;Município;2303501;Cascavel - CE;381;Domicílios particulares permanentes ocupados;2022;2022;72114;Rio, lago, córrego ou mar;1020;Unidades;15
6;Município;2303501;Cascavel - CE;381;Domicílios particulares permanentes ocupados;2022;2022;72115;Outra forma;1020;Unidades;441
6;Município;2303501;Cascavel - CE;381;Domicílios particulares permanentes ocupados;2022;2022;92861;Não tinham banheiro nem sanitário;1020;Unidades;100
6;Município;2303600;Catarina - CE;381;Domicílios particulares permanentes ocupados;2022;2022;46292;Total;1020;Unidades;3651
6;Município;2303600;Catarina - CE;381;Domicílios particulares permanentes ocupados;2022;2022;72110;Rede geral ou pluvial;1020;Unidades;803
6;Município;2303600;Catarina - CE;381;Domicílios particulares permanentes ocupados;2022;2022;72111;Fossa séptica ou fossa filtro ligada à rede;1020;Unidades;291
6;Município;2303600;Catarina - CE;381;Domicílios particulares permanentes ocupados;2022;2022;72112;Fossa séptica ou fossa filtro não ligada à rede;1020;Unidades;564
6;Município;2303600;Catarina - CE;381;Domicílios particulares permanentes ocupados;2022;2022;72113;Fossa rudimentar ou buraco;1020;Unidades;1642
6;Município;2303600;Catarina - CE;381;Domicílios particulares permanentes ocupados;2022;2022;92858;Vala;1020;Unidades;116
6;Município;2303600;Catarina - CE;381;Domicílios particulares permanentes ocupados;2022;2022;72114;Rio, lago, córrego ou mar;1020;Unidades;9
6;Município;2303600;Catarina - CE;381;Domicílios particulares permanentes ocupados;2022;2022;72115;Outra forma;1020;Unidades;45
6;Município;2303600;Catarina - CE;381;Domicílios particulares permanentes ocupados;2022;2022;92861;Não tinham banheiro nem sanitário;1020;Unidades;181
6;Município;2303659;Catunda - CE;381;Domicílios particulares permanentes ocupados;2022;2022;46292;Total;1020;Unidades;3432
6;Município;2303659;Catunda - CE;381;Domicílios particulares permanentes ocupados;2022;2022;72110;Rede geral ou pluvial;1020;Unidades;215
6;Município;2303659;Catunda - CE;381;Domicílios particulares permanentes ocupados;2022;2022;72111;Fossa séptica ou fossa filtro ligada à rede;1020;Unidades;416
6;Município;2303659;Catunda - CE;381;Domicílios particulares permanentes ocupados;2022;2022;72112;Fossa séptica ou fossa filtro não ligada à rede;1020;Unidades;480
6;Município;2303659;Catunda - CE;381;Domicílios particulares permanentes ocupados;2022;2022;72113;Fossa rudimentar ou buraco;1020;Unidades;2020
6;Município;2303659;Catunda - CE;381;Domicílios particulares permanentes ocupados;2022;2022;92858;Vala;1020;Unidades;53
6;Município;2303659;Catunda - CE;381;Domicílios particulares permanentes ocupados;2022;2022;72114;Rio, lago, córrego ou mar;1020;Unidades;15
6;Município;2303659;Catunda - CE;381;Domicílios particulares permanentes ocupados;2022;2022;72115;Outra forma;1020;Unidades;79
6;Município;2303659;Catunda - CE;381;Domicílios particulares permanentes ocupados;2022;2022;92861;Não tinham banheiro nem sanitário;1020;Unidades;154
6;Município;2303709;Caucaia - CE;381;Domicílios particulares permanentes ocupados;2022;2022;46292;Total;1020;Unidades;120668
6;Município;2303709;Caucaia - CE;381;Domicílios particulares permanentes ocupados;2022;2022;72110;Rede geral ou pluvial;1020;Unidades;53220
6;Município;2303709;Caucaia - CE;381;Domicílios particulares permanentes ocupados;2022;2022;72111;Fossa séptica ou fossa filtro ligada à rede;1020;Unidades;3932
6;Município;2303709;Caucaia - CE;381;Domicílios particulares permanentes ocupados;2022;2022;72112;Fossa séptica ou fossa filtro não ligada à rede;1020;Unidades;30846
6;Município;2303709;Caucaia - CE;381;Domicílios particulares permanentes ocupados;2022;2022;72113;Fossa rudimentar ou buraco;1020;Unidades;29712
6;Município;2303709;Caucaia - CE;381;Domicílios particulares permanentes ocupados;2022;2022;92858;Vala;1020;Unidades;1058
6;Município;2303709;Caucaia - CE;381;Domicílios particulares permanentes ocupados;2022;2022;72114;Rio, lago, córrego ou mar;1020;Unidades;812
6;Município;2303709;Caucaia - CE;381;Domicílios particulares permanentes ocupados;2022;2022;72115;Outra forma;1020;Unidades;760
6;Município;2303709;Caucaia - CE;381;Domicílios particulares permanentes ocupados;2022;2022;92861;Não tinham banheiro nem sanitário;1020;Unidades;328
6;Município;2303808;Cedro - CE;381;Domicílios particulares permanentes ocupados;2022;2022;46292;Total;1020;Unidades;8075
6;Município;2303808;Cedro - CE;381;Domicílios particulares permanentes ocupados;2022;2022;72110;Rede geral ou pluvial;1020;Unidades;1024
6;Município;2303808;Cedro - CE;381;Domicílios particulares permanentes ocupados;2022;2022;72111;Fossa séptica ou fossa filtro ligada à rede;1020;Unidades;126
6;Município;2303808;Cedro - CE;381;Domicílios particulares permanentes ocupados;2022;2022;72112;Fossa séptica ou fossa filtro não ligada à rede;1020;Unidades;342
6;Município;2303808;Cedro - CE;381;Domicílios particulares permanentes ocupados;2022;2022;72113;Fossa rudimentar ou buraco;1020;Unidades;5495
6;Município;2303808;Cedro - CE;381;Domicílios particulares permanentes ocupados;2022;2022;92858;Vala;1020;Unidades;435
6;Município;2303808;Cedro - CE;381;Domicílios particulares permanentes ocupados;2022;2022;72114;Rio, lago, córrego ou mar;1020;Unidades;9
6;Município;2303808;Cedro - CE;381;Domicílios particulares permanentes ocupados;2022;2022;72115;Outra forma;1020;Unidades;432
6;Município;2303808;Cedro - CE;381;Domicílios particulares permanentes ocupados;2022;2022;92861;Não tinham banheiro nem sanitário;1020;Unidades;212
6;Município;2303907;Chaval - CE;381;Domicílios particulares permanentes ocupados;2022;2022;46292;Total;1020;Unidades;3922
6;Município;2303907;Chaval - CE;381;Domicílios particulares permanentes ocupados;2022;2022;72110;Rede geral ou pluvial;1020;Unidades;12
6;Município;2303907;Chaval - CE;381;Domicílios particulares permanentes ocupados;2022;2022;72111;Fossa séptica ou fossa filtro ligada à rede;1020;Unidades;1
6;Município;2303907;Chaval - CE;381;Domicílios particulares permanentes ocupados;2022;2022;72112;Fossa séptica ou fossa filtro não ligada à rede;1020;Unidades;4
6;Município;2303907;Chaval - CE;381;Domicílios particulares permanentes ocupados;2022;2022;72113;Fossa rudimentar ou buraco;1020;Unidades;3511
6;Município;2303907;Chaval - CE;381;Domicílios particulares permanentes ocupados;2022;2022;92858;Vala;1020;Unidades;37
6;Município;2303907;Chaval - CE;381;Domicílios particulares permanentes ocupados;2022;2022;72114;Rio, lago, córrego ou mar;1020;Unidades;15
6;Município;2303907;Chaval - CE;381;Domicílios particulares permanentes ocupados;2022;2022;72115;Outra forma;1020;Unidades;213
6;Município;2303907;Chaval - CE;381;Domicílios particulares permanentes ocupados;2022;2022;92861;Não tinham banheiro nem sanitário;1020;Unidades;129
6;Município;2303931;Choró - CE;381;Domicílios particulares permanentes ocupados;2022;2022;46292;Total;1020;Unidades;3997
6;Município;2303931;Choró - CE;381;Domicílios particulares permanentes ocupados;2022;2022;72110;Rede geral ou pluvial;1020;Unidades;206
6;Município;2303931;Choró - CE;381;Domicílios particulares permanentes ocupados;2022;2022;72111;Fossa séptica ou fossa filtro ligada à rede;1020;Unidades;15
6;Município;2303931;Choró - CE;381;Domicílios particulares permanentes ocupados;2022;2022;72112;Fossa séptica ou fossa filtro não ligada à rede;1020;Unidades;325
6;Município;2303931;Choró - CE;381;Domicílios particulares permanentes ocupados;2022;2022;72113;Fossa rudimentar ou buraco;1020;Unidades;2655
6;Município;2303931;Choró - CE;381;Domicílios particulares permanentes ocupados;2022;2022;92858;Vala;1020;Unidades;407
6;Município;2303931;Choró - CE;381;Domicílios particulares permanentes ocupados;2022;2022;72114;Rio, lago, córrego ou mar;1020;Unidades;10
6;Município;2303931;Choró - CE;381;Domicílios particulares permanentes ocupados;2022;2022;72115;Outra forma;1020;Unidades;190
6;Município;2303931;Choró - CE;381;Domicílios particulares permanentes ocupados;2022;2022;92861;Não tinham banheiro nem sanitário;1020;Unidades;189
6;Município;2303956;Chorozinho - CE;381;Domicílios particulares permanentes ocupados;2022;2022;46292;Total;1020;Unidades;7143
6;Município;2303956;Chorozinho - CE;381;Domicílios particulares permanentes ocupados;2022;2022;72110;Rede geral ou pluvial;1020;Unidades;22
6;Município;2303956;Chorozinho - CE;381;Domicílios particulares permanentes ocupados;2022;2022;72111;Fossa séptica ou fossa filtro ligada à rede;1020;Unidades;29
6;Município;2303956;Chorozinho - CE;381;Domicílios particulares permanentes ocupados;2022;2022;72112;Fossa séptica ou fossa filtro não ligada à rede;1020;Unidades;1909
6;Município;2303956;Chorozinho - CE;381;Domicílios particulares permanentes ocupados;2022;2022;72113;Fossa rudimentar ou buraco;1020;Unidades;5078
6;Município;2303956;Chorozinho - CE;381;Domicílios particulares permanentes ocupados;2022;2022;92858;Vala;1020;Unidades;59
6;Município;2303956;Chorozinho - CE;381;Domicílios particulares permanentes ocupados;2022;2022;72114;Rio, lago, córrego ou mar;1020;Unidades;7
6;Município;2303956;Chorozinho - CE;381;Domicílios particulares permanentes ocupados;2022;2022;72115;Outra forma;1020;Unidades;23
6;Município;2303956;Chorozinho - CE;381;Domicílios particulares permanentes ocupados;2022;2022;92861;Não tinham banheiro nem sanitário;1020;Unidades;16
6;Município;2304004;Coreaú - CE;381;Domicílios particulares permanentes ocupados;2022;2022;46292;Total;1020;Unidades;7031
6;Município;2304004;Coreaú - CE;381;Domicílios particulares permanentes ocupados;2022;2022;72110;Rede geral ou pluvial;1020;Unidades;1242
6;Município;2304004;Coreaú - CE;381;Domicílios particulares permanentes ocupados;2022;2022;72111;Fossa séptica ou fossa filtro ligada à rede;1020;Unidades;22
6;Município;2304004;Coreaú - CE;381;Domicílios particulares permanentes ocupados;2022;2022;72112;Fossa séptica ou fossa filtro não ligada à rede;1020;Unidades;882
6;Município;2304004;Coreaú - CE;381;Domicílios particulares permanentes ocupados;2022;2022;72113;Fossa rudimentar ou buraco;1020;Unidades;4117
6;Município;2304004;Coreaú - CE;381;Domicílios particulares permanentes ocupados;2022;2022;92858;Vala;1020;Unidades;253
6;Município;2304004;Coreaú - CE;381;Domicílios particulares permanentes ocupados;2022;2022;72114;Rio, lago, córrego ou mar;1020;Unidades;27
6;Município;2304004;Coreaú - CE;381;Domicílios particulares permanentes ocupados;2022;2022;72115;Outra forma;1020;Unidades;132
6;Município;2304004;Coreaú - CE;381;Domicílios particulares permanentes ocupados;2022;2022;92861;Não tinham banheiro nem sanitário;1020;Unidades;356
6;Município;2304103;Crateús - CE;381;Domicílios particulares permanentes ocupados;2022;2022;46292;Total;1020;Unidades;27119
6;Município;2304103;Crateús - CE;381;Domicílios particulares permanentes ocupados;2022;2022;72110;Rede geral ou pluvial;1020;Unidades;13169
6;Município;2304103;Crateús - CE;381;Domicílios particulares permanentes ocupados;2022;2022;72111;Fossa séptica ou fossa filtro ligada à rede;1020;Unidades;523
6;Município;2304103;Crateús - CE;381;Domicílios particulares permanentes ocupados;2022;2022;72112;Fossa séptica ou fossa filtro não ligada à rede;1020;Unidades;4642
6;Município;2304103;Crateús - CE;381;Domicílios particulares permanentes ocupados;2022;2022;72113;Fossa rudimentar ou buraco;1020;Unidades;7303
6;Município;2304103;Crateús - CE;381;Domicílios particulares permanentes ocupados;2022;2022;92858;Vala;1020;Unidades;255
6;Município;2304103;Crateús - CE;381;Domicílios particulares permanentes ocupados;2022;2022;72114;Rio, lago, córrego ou mar;1020;Unidades;199
6;Município;2304103;Crateús - CE;381;Domicílios particulares permanentes ocupados;2022;2022;72115;Outra forma;1020;Unidades;547
6;Município;2304103;Crateús - CE;381;Domicílios particulares permanentes ocupados;2022;2022;92861;Não tinham banheiro nem sanitário;1020;Unidades;481
6;Município;2304202;Crato - CE;381;Domicílios particulares permanentes ocupados;2022;2022;46292;Total;1020;Unidades;44610
6;Município;2304202;Crato - CE;381;Domicílios particulares permanentes ocupados;2022;2022;72110;Rede geral ou pluvial;1020;Unidades;18289
6;Município;2304202;Crato - CE;381;Domicílios particulares permanentes ocupados;2022;2022;72111;Fossa séptica ou fossa filtro ligada à rede;1020;Unidades;1038
6;Município;2304202;Crato - CE;381;Domicílios particulares permanentes ocupados;2022;2022;72112;Fossa séptica ou fossa filtro não ligada à rede;1020;Unidades;12195
6;Município;2304202;Crato - CE;381;Domicílios particulares permanentes ocupados;2022;2022;72113;Fossa rudimentar ou buraco;1020;Unidades;10024
6;Município;2304202;Crato - CE;381;Domicílios particulares permanentes ocupados;2022;2022;92858;Vala;1020;Unidades;1679
6;Município;2304202;Crato - CE;381;Domicílios particulares permanentes ocupados;2022;2022;72114;Rio, lago, córrego ou mar;1020;Unidades;316
6;Município;2304202;Crato - CE;381;Domicílios particulares permanentes ocupados;2022;2022;72115;Outra forma;1020;Unidades;620
6;Município;2304202;Crato - CE;381;Domicílios particulares permanentes ocupados;2022;2022;92861;Não tinham banheiro nem sanitário;1020;Unidades;449
6;Município;2304236;Croatá - CE;381;Domicílios particulares permanentes ocupados;2022;2022;46292;Total;1020;Unidades;6103
6;Município;2304236;Croatá - CE;381;Domicílios particulares permanentes ocupados;2022;2022;72110;Rede geral ou pluvial;1020;Unidades;850
6;Município;2304236;Croatá - CE;381;Domicílios particulares permanentes ocupados;2022;2022;72111;Fossa séptica ou fossa filtro ligada à rede;1020;Unidades;115
6;Município;2304236;Croatá - CE;381;Domicílios particulares permanentes ocupados;2022;2022;72112;Fossa séptica ou fossa filtro não ligada à rede;1020;Unidades;1130
6;Município;2304236;Croatá - CE;381;Domicílios particulares permanentes ocupados;2022;2022;72113;Fossa rudimentar ou buraco;1020;Unidades;3899
6;Município;2304236;Croatá - CE;381;Domicílios particulares permanentes ocupados;2022;2022;92858;Vala;1020;Unidades;7
6;Município;2304236;Croatá - CE;381;Domicílios particulares permanentes ocupados;2022;2022;72114;Rio, lago, córrego ou mar;1020;Unidades;2
6;Município;2304236;Croatá - CE;381;Domicílios particulares permanentes ocupados;2022;2022;72115;Outra forma;1020;Unidades;18
6;Município;2304236;Croatá - CE;381;Domicílios particulares permanentes ocupados;2022;2022;92861;Não tinham banheiro nem sanitário;1020;Unidades;82
6;Município;2304251;Cruz - CE;381;Domicílios particulares permanentes ocupados;2022;2022;46292;Total;1020;Unidades;10352
6;Município;2304251;Cruz - CE;381;Domicílios particulares permanentes ocupados;2022;2022;72110;Rede geral ou pluvial;1020;Unidades;216
6;Município;2304251;Cruz - CE;381;Domicílios particulares permanentes ocupados;2022;2022;72111;Fossa séptica ou fossa filtro ligada à rede;1020;Unidades;29
6;Município;2304251;Cruz - CE;381;Domicílios particulares permanentes ocupados;2022;2022;72112;Fossa séptica ou fossa filtro não ligada à rede;1020;Unidades;1982
6;Município;2304251;Cruz - CE;381;Domicílios particulares permanentes ocupados;2022;2022;72113;Fossa rudimentar ou buraco;1020;Unidades;7921
6;Município;2304251;Cruz - CE;381;Domicílios particulares permanentes ocupados;2022;2022;92858;Vala;1020;Unidades;39
6;Município;2304251;Cruz - CE;381;Domicílios particulares permanentes ocupados;2022;2022;72114;Rio, lago, córrego ou mar;1020;Unidades;13
6;Município;2304251;Cruz - CE;381;Domicílios particulares permanentes ocupados;2022;2022;72115;Outra forma;1020;Unidades;116
6;Município;2304251;Cruz - CE;381;Domicílios particulares permanentes ocupados;2022;2022;92861;Não tinham banheiro nem sanitário;1020;Unidades;36
6;Município;2304269;Deputado Irapuan Pinheiro - CE;381;Domicílios particulares permanentes ocupados;2022;2022;46292;Total;1020;Unidades;3344
6;Município;2304269;Deputado Irapuan Pinheiro - CE;381;Domicílios particulares permanentes ocupados;2022;2022;72110;Rede geral ou pluvial;1020;Unidades;46
6;Município;2304269;Deputado Irapuan Pinheiro - CE;381;Domicílios particulares permanentes ocupados;2022;2022;72111;Fossa séptica ou fossa filtro ligada à rede;1020;Unidades;4
6;Município;2304269;Deputado Irapuan Pinheiro - CE;381;Domicílios particulares permanentes ocupados;2022;2022;72112;Fossa séptica ou fossa filtro não ligada à rede;1020;Unidades;156
6;Município;2304269;Deputado Irapuan Pinheiro - CE;381;Domicílios particulares permanentes ocupados;2022;2022;72113;Fossa rudimentar ou buraco;1020;Unidades;2819
6;Município;2304269;Deputado Irapuan Pinheiro - CE;381;Domicílios particulares permanentes ocupados;2022;2022;92858;Vala;1020;Unidades;74
6;Município;2304269;Deputado Irapuan Pinheiro - CE;381;Domicílios particulares permanentes ocupados;2022;2022;72114;Rio, lago, córrego ou mar;1020;Unidades;46
6;Município;2304269;Deputado Irapuan Pinheiro - CE;381;Domicílios particulares permanentes ocupados;2022;2022;72115;Outra forma;1020;Unidades;102
6;Município;2304269;Deputado Irapuan Pinheiro - CE;381;Domicílios particulares permanentes ocupados;2022;2022;92861;Não tinham banheiro nem sanitário;1020;Unidades;97
6;Município;2304277;Ereré - CE;381;Domicílios particulares permanentes ocupados;2022;2022;46292;Total;1020;Unidades;2248
6;Município;2304277;Ereré - CE;381;Domicílios particulares permanentes ocupados;2022;2022;72110;Rede geral ou pluvial;1020;Unidades;45
6;Município;2304277;Ereré - CE;381;Domicílios particulares permanentes ocupados;2022;2022;72111;Fossa séptica ou fossa filtro ligada à rede;1020;Unidades;2
6;Município;2304277;Ereré - CE;381;Domicílios particulares permanentes ocupados;2022;2022;72112;Fossa séptica ou fossa filtro não ligada à rede;1020;Unidades;3
6;Município;2304277;Ereré - CE;381;Domicílios particulares permanentes ocupados;2022;2022;72113;Fossa rudimentar ou buraco;1020;Unidades;2158
6;Município;2304277;Ereré - CE;381;Domicílios particulares permanentes ocupados;2022;2022;92858;Vala;1020;Unidades;15
6;Município;2304277;Ereré - CE;381;Domicílios particulares permanentes ocupados;2022;2022;72114;Rio, lago, córrego ou mar;1020;Unidades;-
6;Município;2304277;Ereré - CE;381;Domicílios particulares permanentes ocupados;2022;2022;72115;Outra forma;1020;Unidades;16
6;Município;2304277;Ereré - CE;381;Domicílios particulares permanentes ocupados;2022;2022;92861;Não tinham banheiro nem sanitário;1020;Unidades;9
6;Município;2304285;Eusébio - CE;381;Domicílios particulares permanentes ocupados;2022;2022;46292;Total;1020;Unidades;25105
6;Município;2304285;Eusébio - CE;381;Domicílios particulares permanentes ocupados;2022;2022;72110;Rede geral ou pluvial;1020;Unidades;6515
6;Município;2304285;Eusébio - CE;381;Domicílios particulares permanentes ocupados;2022;2022;72111;Fossa séptica ou fossa filtro ligada à rede;1020;Unidades;2230
6;Município;2304285;Eusébio - CE;381;Domicílios particulares permanentes ocupados;2022;2022;72112;Fossa séptica ou fossa filtro não ligada à rede;1020;Unidades;11573
6;Município;2304285;Eusébio - CE;381;Domicílios particulares permanentes ocupados;2022;2022;72113;Fossa rudimentar ou buraco;1020;Unidades;4503
6;Município;2304285;Eusébio - CE;381;Domicílios particulares permanentes ocupados;2022;2022;92858;Vala;1020;Unidades;112
6;Município;2304285;Eusébio - CE;381;Domicílios particulares permanentes ocupados;2022;2022;72114;Rio, lago, córrego ou mar;1020;Unidades;8
6;Município;2304285;Eusébio - CE;381;Domicílios particulares permanentes ocupados;2022;2022;72115;Outra forma;1020;Unidades;155
6;Município;2304285;Eusébio - CE;381;Domicílios particulares permanentes ocupados;2022;2022;92861;Não tinham banheiro nem sanitário;1020;Unidades;9
6;Município;2304301;Farias Brito - CE;381;Domicílios particulares permanentes ocupados;2022;2022;46292;Total;1020;Unidades;6414
6;Município;2304301;Farias Brito - CE;381;Domicílios particulares permanentes ocupados;2022;2022;72110;Rede geral ou pluvial;1020;Unidades;897
6;Município;2304301;Farias Brito - CE;381;Domicílios particulares permanentes ocupados;2022;2022;72111;Fossa séptica ou fossa filtro ligada à rede;1020;Unidades;64
6;Município;2304301;Farias Brito - CE;381;Domicílios particulares permanentes ocupados;2022;2022;72112;Fossa séptica ou fossa filtro não ligada à rede;1020;Unidades;679
6;Município;2304301;Farias Brito - CE;381;Domicílios particulares permanentes ocupados;2022;2022;72113;Fossa rudimentar ou buraco;1020;Unidades;4093
6;Município;2304301;Farias Brito - CE;381;Domicílios particulares permanentes ocupados;2022;2022;92858;Vala;1020;Unidades;377
6;Município;2304301;Farias Brito - CE;381;Domicílios particulares permanentes ocupados;2022;2022;72114;Rio, lago, córrego ou mar;1020;Unidades;41
6;Município;2304301;Farias Brito - CE;381;Domicílios particulares permanentes ocupados;2022;2022;72115;Outra forma;1020;Unidades;118
6;Município;2304301;Farias Brito - CE;381;Domicílios particulares permanentes ocupados;2022;2022;92861;Não tinham banheiro nem sanitário;1020;Unidades;145
6;Município;2304350;Forquilha - CE;381;Domicílios particulares permanentes ocupados;2022;2022;46292;Total;1020;Unidades;8102
6;Município;2304350;Forquilha - CE;381;Domicílios particulares permanentes ocupados;2022;2022;72110;Rede geral ou pluvial;1020;Unidades;5145
6;Município;2304350;Forquilha - CE;381;Domicílios particulares permanentes ocupados;2022;2022;72111;Fossa séptica ou fossa filtro ligada à rede;1020;Unidades;71
6;Município;2304350;Forquilha - CE;381;Domicílios particulares permanentes ocupados;2022;2022;72112;Fossa séptica ou fossa filtro não ligada à rede;1020;Unidades;970
6;Município;2304350;Forquilha - CE;381;Domicílios particulares permanentes ocupados;2022;2022;72113;Fossa rudimentar ou buraco;1020;Unidades;1690
6;Município;2304350;Forquilha - CE;381;Domicílios particulares permanentes ocupados;2022;2022;92858;Vala;1020;Unidades;80
6;Município;2304350;Forquilha - CE;381;Domicílios particulares permanentes ocupados;2022;2022;72114;Rio, lago, córrego ou mar;1020;Unidades;17
6;Município;2304350;Forquilha - CE;381;Domicílios particulares permanentes ocupados;2022;2022;72115;Outra forma;1020;Unidades;54
6;Município;2304350;Forquilha - CE;381;Domicílios particulares permanentes ocupados;2022;2022;92861;Não tinham banheiro nem sanitário;1020;Unidades;75
6;Município;2304400;Fortaleza - CE;381;Domicílios particulares permanentes ocupados;2022;2022;46292;Total;1020;Unidades;860139
6;Município;2304400;Fortaleza - CE;381;Domicílios particulares permanentes ocupados;2022;2022;72110;Rede geral ou pluvial;1020;Unidades;583477
6;Município;2304400;Fortaleza - CE;381;Domicílios particulares permanentes ocupados;2022;2022;72111;Fossa séptica ou fossa filtro ligada à rede;1020;Unidades;33372
6;Município;2304400;Fortaleza - CE;381;Domicílios particulares permanentes ocupados;2022;2022;72112;Fossa séptica ou fossa filtro não ligada à rede;1020;Unidades;145018
6;Município;2304400;Fortaleza - CE;381;Domicílios particulares permanentes ocupados;2022;2022;72113;Fossa rudimentar ou buraco;1020;Unidades;72361
6;Município;2304400;Fortaleza - CE;381;Domicílios particulares permanentes ocupados;2022;2022;92858;Vala;1020;Unidades;6851
6;Município;2304400;Fortaleza - CE;381;Domicílios particulares permanentes ocupados;2022;2022;72114;Rio, lago, córrego ou mar;1020;Unidades;12727
6;Município;2304400;Fortaleza - CE;381;Domicílios particulares permanentes ocupados;2022;2022;72115;Outra forma;1020;Unidades;6068
6;Município;2304400;Fortaleza - CE;381;Domicílios particulares permanentes ocupados;2022;2022;92861;Não tinham banheiro nem sanitário;1020;Unidades;265
6;Município;2304459;Fortim - CE;381;Domicílios particulares permanentes ocupados;2022;2022;46292;Total;1020;Unidades;5938
6;Município;2304459;Fortim - CE;381;Domicílios particulares permanentes ocupados;2022;2022;72110;Rede geral ou pluvial;1020;Unidades;16
6;Município;2304459;Fortim - CE;381;Domicílios particulares permanentes ocupados;2022;2022;72111;Fossa séptica ou fossa filtro ligada à rede;1020;Unidades;146
6;Município;2304459;Fortim - CE;381;Domicílios particulares permanentes ocupados;2022;2022;72112;Fossa séptica ou fossa filtro não ligada à rede;1020;Unidades;2378
6;Município;2304459;Fortim - CE;381;Domicílios particulares permanentes ocupados;2022;2022;72113;Fossa rudimentar ou buraco;1020;Unidades;3240
6;Município;2304459;Fortim - CE;381;Domicílios particulares permanentes ocupados;2022;2022;92858;Vala;1020;Unidades;66
6;Município;2304459;Fortim - CE;381;Domicílios particulares permanentes ocupados;2022;2022;72114;Rio, lago, córrego ou mar;1020;Unidades;11
6;Município;2304459;Fortim - CE;381;Domicílios particulares permanentes ocupados;2022;2022;72115;Outra forma;1020;Unidades;63
6;Município;2304459;Fortim - CE;381;Domicílios particulares permanentes ocupados;2022;2022;92861;Não tinham banheiro nem sanitário;1020;Unidades;18
6;Município;2304509;Frecheirinha - CE;381;Domicílios particulares permanentes ocupados;2022;2022;46292;Total;1020;Unidades;5420
6;Município;2304509;Frecheirinha - CE;381;Domicílios particulares permanentes ocupados;2022;2022;72110;Rede geral ou pluvial;1020;Unidades;893
6;Município;2304509;Frecheirinha - CE;381;Domicílios particulares permanentes ocupados;2022;2022;72111;Fossa séptica ou fossa filtro ligada à rede;1020;Unidades;82
6;Município;2304509;Frecheirinha - CE;381;Domicílios particulares permanentes ocupados;2022;2022;72112;Fossa séptica ou fossa filtro não ligada à rede;1020;Unidades;2564
6;Município;2304509;Frecheirinha - CE;381;Domicílios particulares permanentes ocupados;2022;2022;72113;Fossa rudimentar ou buraco;1020;Unidades;1628
6;Município;2304509;Frecheirinha - CE;381;Domicílios particulares permanentes ocupados;2022;2022;92858;Vala;1020;Unidades;72
6;Município;2304509;Frecheirinha - CE;381;Domicílios particulares permanentes ocupados;2022;2022;72114;Rio, lago, córrego ou mar;1020;Unidades;28
6;Município;2304509;Frecheirinha - CE;381;Domicílios particulares permanentes ocupados;2022;2022;72115;Outra forma;1020;Unidades;106
6;Município;2304509;Frecheirinha - CE;381;Domicílios particulares permanentes ocupados;2022;2022;92861;Não tinham banheiro nem sanitário;1020;Unidades;47
6;Município;2304608;General Sampaio - CE;381;Domicílios particulares permanentes ocupados;2022;2022;46292;Total;1020;Unidades;2193
6;Município;2304608;General Sampaio - CE;381;Domicílios particulares permanentes ocupados;2022;2022;72110;Rede geral ou pluvial;1020;Unidades;277
6;Município;2304608;General Sampaio - CE;381;Domicílios particulares permanentes ocupados;2022;2022;72111;Fossa séptica ou fossa filtro ligada à rede;1020;Unidades;16
6;Município;2304608;General Sampaio - CE;381;Domicílios particulares permanentes ocupados;2022;2022;72112;Fossa séptica ou fossa filtro não ligada à rede;1020;Unidades;263
6;Município;2304608;General Sampaio - CE;381;Domicílios particulares permanentes ocupados;2022;2022;72113;Fossa rudimentar ou buraco;1020;Unidades;1188
6;Município;2304608;General Sampaio - CE;381;Domicílios particulares permanentes ocupados;2022;2022;92858;Vala;1020;Unidades;338
6;Município;2304608;General Sampaio - CE;381;Domicílios particulares permanentes ocupados;2022;2022;72114;Rio, lago, córrego ou mar;1020;Unidades;-
6;Município;2304608;General Sampaio - CE;381;Domicílios particulares permanentes ocupados;2022;2022;72115;Outra forma;1020;Unidades;74
6;Município;2304608;General Sampaio - CE;381;Domicílios particulares permanentes ocupados;2022;2022;92861;Não tinham banheiro nem sanitário;1020;Unidades;37
6;Município;2304657;Graça - CE;381;Domicílios particulares permanentes ocupados;2022;2022;46292;Total;1020;Unidades;4832
6;Município;2304657;Graça - CE;381;Domicílios particulares permanentes ocupados;2022;2022;72110;Rede geral ou pluvial;1020;Unidades;346
6;Município;2304657;Graça - CE;381;Domicílios particulares permanentes ocupados;2022;2022;72111;Fossa séptica ou fossa filtro ligada à rede;1020;Unidades;53
6;Município;2304657;Graça - CE;381;Domicílios particulares permanentes ocupados;2022;2022;72112;Fossa séptica ou fossa filtro não ligada à rede;1020;Unidades;1873
6;Município;2304657;Graça - CE;381;Domicílios particulares permanentes ocupados;2022;2022;72113;Fossa rudimentar ou buraco;1020;Unidades;2314
6;Município;2304657;Graça - CE;381;Domicílios particulares permanentes ocupados;2022;2022;92858;Vala;1020;Unidades;60
6;Município;2304657;Graça - CE;381;Domicílios particulares permanentes ocupados;2022;2022;72114;Rio, lago, córrego ou mar;1020;Unidades;4
6;Município;2304657;Graça - CE;381;Domicílios particulares permanentes ocupados;2022;2022;72115;Outra forma;1020;Unidades;61
6;Município;2304657;Graça - CE;381;Domicílios particulares permanentes ocupados;2022;2022;92861;Não tinham banheiro nem sanitário;1020;Unidades;121
6;Município;2304707;Granja - CE;381;Domicílios particulares permanentes ocupados;2022;2022;46292;Total;1020;Unidades;17092
6;Município;2304707;Granja - CE;381;Domicílios particulares permanentes ocupados;2022;2022;72110;Rede geral ou pluvial;1020;Unidades;1378
6;Município;2304707;Granja - CE;381;Domicílios particulares permanentes ocupados;2022;2022;72111;Fossa séptica ou fossa filtro ligada à rede;1020;Unidades;176
6;Município;2304707;Granja - CE;381;Domicílios particulares permanentes ocupados;2022;2022;72112;Fossa séptica ou fossa filtro não ligada à rede;1020;Unidades;2561
6;Município;2304707;Granja - CE;381;Domicílios particulares permanentes ocupados;2022;2022;72113;Fossa rudimentar ou buraco;1020;Unidades;9152
6;Município;2304707;Granja - CE;381;Domicílios particulares permanentes ocupados;2022;2022;92858;Vala;1020;Unidades;292
6;Município;2304707;Granja - CE;381;Domicílios particulares permanentes ocupados;2022;2022;72114;Rio, lago, córrego ou mar;1020;Unidades;100
6;Município;2304707;Granja - CE;381;Domicílios particulares permanentes ocupados;2022;2022;72115;Outra forma;1020;Unidades;1235
6;Município;2304707;Granja - CE;381;Domicílios particulares permanentes ocupados;2022;2022;92861;Não tinham banheiro nem sanitário;1020;Unidades;2198
6;Município;2304806;Granjeiro - CE;381;Domicílios particulares permanentes ocupados;2022;2022;46292;Total;1020;Unidades;1540
6;Município;2304806;Granjeiro - CE;381;Domicílios particulares permanentes ocupados;2022;2022;72110;Rede geral ou pluvial;1020;Unidades;349
6;Município;2304806;Granjeiro - CE;381;Domicílios particulares permanentes ocupados;2022;2022;72111;Fossa séptica ou fossa filtro ligada à rede;1020;Unidades;12
6;Município;2304806;Granjeiro - CE;381;Domicílios particulares permanentes ocupados;2022;2022;72112;Fossa séptica ou fossa filtro não ligada à rede;1020;Unidades;196
6;Município;2304806;Granjeiro - CE;381;Domicílios particulares permanentes ocupados;2022;2022;72113;Fossa rudimentar ou buraco;1020;Unidades;941
6;Município;2304806;Granjeiro - CE;381;Domicílios particulares permanentes ocupados;2022;2022;92858;Vala;1020;Unidades;7
6;Município;2304806;Granjeiro - CE;381;Domicílios particulares permanentes ocupados;2022;2022;72114;Rio, lago, córrego ou mar;1020;Unidades;-
6;Município;2304806;Granjeiro - CE;381;Domicílios particulares permanentes ocupados;2022;2022;72115;Outra forma;1020;Unidades;8
6;Município;2304806;Granjeiro - CE;381;Domicílios particulares permanentes ocupados;2022;2022;92861;Não tinham banheiro nem sanitário;1020;Unidades;27
6;Município;2304905;Groaíras - CE;381;Domicílios particulares permanentes ocupados;2022;2022;46292;Total;1020;Unidades;4009
6;Município;2304905;Groaíras - CE;381;Domicílios particulares permanentes ocupados;2022;2022;72110;Rede geral ou pluvial;1020;Unidades;1459
6;Município;2304905;Groaíras - CE;381;Domicílios particulares permanentes ocupados;2022;2022;72111;Fossa séptica ou fossa filtro ligada à rede;1020;Unidades;158
6;Município;2304905;Groaíras - CE;381;Domicílios particulares permanentes ocupados;2022;2022;72112;Fossa séptica ou fossa filtro não ligada à rede;1020;Unidades;378
6;Município;2304905;Groaíras - CE;381;Domicílios particulares permanentes ocupados;2022;2022;72113;Fossa rudimentar ou buraco;1020;Unidades;1805
6;Município;2304905;Groaíras - CE;381;Domicílios particulares permanentes ocupados;2022;2022;92858;Vala;1020;Unidades;95
6;Município;2304905;Groaíras - CE;381;Domicílios particulares permanentes ocupados;2022;2022;72114;Rio, lago, córrego ou mar;1020;Unidades;10
6;Município;2304905;Groaíras - CE;381;Domicílios particulares permanentes ocupados;2022;2022;72115;Outra forma;1020;Unidades;66
6;Município;2304905;Groaíras - CE;381;Domicílios particulares permanentes ocupados;2022;2022;92861;Não tinham banheiro nem sanitário;1020;Unidades;38
6;Município;2304954;Guaiúba - CE;381;Domicílios particulares permanentes ocupados;2022;2022;46292;Total;1020;Unidades;7757
6;Município;2304954;Guaiúba - CE;381;Domicílios particulares permanentes ocupados;2022;2022;72110;Rede geral ou pluvial;1020;Unidades;1162
6;Município;2304954;Guaiúba - CE;381;Domicílios particulares permanentes ocupados;2022;2022;72111;Fossa séptica ou fossa filtro ligada à rede;1020;Unidades;244
6;Município;2304954;Guaiúba - CE;381;Domicílios particulares permanentes ocupados;2022;2022;72112;Fossa séptica ou fossa filtro não ligada à rede;1020;Unidades;966
6;Município;2304954;Guaiúba - CE;381;Domicílios particulares permanentes ocupados;2022;2022;72113;Fossa rudimentar ou buraco;1020;Unidades;4866
6;Município;2304954;Guaiúba - CE;381;Domicílios particulares permanentes ocupados;2022;2022;92858;Vala;1020;Unidades;291
6;Município;2304954;Guaiúba - CE;381;Domicílios particulares permanentes ocupados;2022;2022;72114;Rio, lago, córrego ou mar;1020;Unidades;90
6;Município;2304954;Guaiúba - CE;381;Domicílios particulares permanentes ocupados;2022;2022;72115;Outra forma;1020;Unidades;118
6;Município;2304954;Guaiúba - CE;381;Domicílios particulares permanentes ocupados;2022;2022;92861;Não tinham banheiro nem sanitário;1020;Unidades;20
6;Município;2305001;Guaraciaba do Norte - CE;381;Domicílios particulares permanentes ocupados;2022;2022;46292;Total;1020;Unidades;13494
6;Município;2305001;Guaraciaba do Norte - CE;381;Domicílios particulares permanentes ocupados;2022;2022;72110;Rede geral ou pluvial;1020;Unidades;1516
6;Município;2305001;Guaraciaba do Norte - CE;381;Domicílios particulares permanentes ocupados;2022;2022;72111;Fossa séptica ou fossa filtro ligada à rede;1020;Unidades;164
6;Município;2305001;Guaraciaba do Norte - CE;381;Domicílios particulares permanentes ocupados;2022;2022;72112;Fossa séptica ou fossa filtro não ligada à rede;1020;Unidades;2609
6;Município;2305001;Guaraciaba do Norte - CE;381;Domicílios particulares permanentes ocupados;2022;2022;72113;Fossa rudimentar ou buraco;1020;Unidades;8985
6;Município;2305001;Guaraciaba do Norte - CE;381;Domicílios particulares permanentes ocupados;2022;2022;92858;Vala;1020;Unidades;58
6;Município;2305001;Guaraciaba do Norte - CE;381;Domicílios particulares permanentes ocupados;2022;2022;72114;Rio, lago, córrego ou mar;1020;Unidades;3
6;Município;2305001;Guaraciaba do Norte - CE;381;Domicílios particulares permanentes ocupados;2022;2022;72115;Outra forma;1020;Unidades;102
6;Município;2305001;Guaraciaba do Norte - CE;381;Domicílios particulares permanentes ocupados;2022;2022;92861;Não tinham banheiro nem sanitário;1020;Unidades;57
6;Município;2305100;Guaramiranga - CE;381;Domicílios particulares permanentes ocupados;2022;2022;46292;Total;1020;Unidades;1916
6;Município;2305100;Guaramiranga - CE;381;Domicílios particulares permanentes ocupados;2022;2022;72110;Rede geral ou pluvial;1020;Unidades;293
6;Município;2305100;Guaramiranga - CE;381;Domicílios particulares permanentes ocupados;2022;2022;72111;Fossa séptica ou fossa filtro ligada à rede;1020;Unidades;30
6;Município;2305100;Guaramiranga - CE;381;Domicílios particulares permanentes ocupados;2022;2022;72112;Fossa séptica ou fossa filtro não ligada à rede;1020;Unidades;1202
6;Município;2305100;Guaramiranga - CE;381;Domicílios particulares permanentes ocupados;2022;2022;72113;Fossa rudimentar ou buraco;1020;Unidades;342
6;Município;2305100;Guaramiranga - CE;381;Domicílios particulares permanentes ocupados;2022;2022;92858;Vala;1020;Unidades;12
6;Município;2305100;Guaramiranga - CE;381;Domicílios particulares permanentes ocupados;2022;2022;72114;Rio, lago, córrego ou mar;1020;Unidades;8
6;Município;2305100;Guaramiranga - CE;381;Domicílios particulares permanentes ocupados;2022;2022;72115;Outra forma;1020;Unidades;10
6;Município;2305100;Guaramiranga - CE;381;Domicílios particulares permanentes ocupados;2022;2022;92861;Não tinham banheiro nem sanitário;1020;Unidades;19
6;Município;2305209;Hidrolândia - CE;381;Domicílios particulares permanentes ocupados;2022;2022;46292;Total;1020;Unidades;6340
6;Município;2305209;Hidrolândia - CE;381;Domicílios particulares permanentes ocupados;2022;2022;72110;Rede geral ou pluvial;1020;Unidades;207
6;Município;2305209;Hidrolândia - CE;381;Domicílios particulares permanentes ocupados;2022;2022;72111;Fossa séptica ou fossa filtro ligada à rede;1020;Unidades;31
6;Município;2305209;Hidrolândia - CE;381;Domicílios particulares permanentes ocupados;2022;2022;72112;Fossa séptica ou fossa filtro não ligada à rede;1020;Unidades;392
6;Município;2305209;Hidrolândia - CE;381;Domicílios particulares permanentes ocupados;2022;2022;72113;Fossa rudimentar ou buraco;1020;Unidades;5065
6;Município;2305209;Hidrolândia - CE;381;Domicílios particulares permanentes ocupados;2022;2022;92858;Vala;1020;Unidades;153
6;Município;2305209;Hidrolândia - CE;381;Domicílios particulares permanentes ocupados;2022;2022;72114;Rio, lago, córrego ou mar;1020;Unidades;31
6;Município;2305209;Hidrolândia - CE;381;Domicílios particulares permanentes ocupados;2022;2022;72115;Outra forma;1020;Unidades;143
6;Município;2305209;Hidrolândia - CE;381;Domicílios particulares permanentes ocupados;2022;2022;92861;Não tinham banheiro nem sanitário;1020;Unidades;318
6;Município;2305233;Horizonte - CE;381;Domicílios particulares permanentes ocupados;2022;2022;46292;Total;1020;Unidades;25611
6;Município;2305233;Horizonte - CE;381;Domicílios particulares permanentes ocupados;2022;2022;72110;Rede geral ou pluvial;1020;Unidades;5716
6;Município;2305233;Horizonte - CE;381;Domicílios particulares permanentes ocupados;2022;2022;72111;Fossa séptica ou fossa filtro ligada à rede;1020;Unidades;614
6;Município;2305233;Horizonte - CE;381;Domicílios particulares permanentes ocupados;2022;2022;72112;Fossa séptica ou fossa filtro não ligada à rede;1020;Unidades;7765
6;Município;2305233;Horizonte - CE;381;Domicílios particulares permanentes ocupados;2022;2022;72113;Fossa rudimentar ou buraco;1020;Unidades;11083
6;Município;2305233;Horizonte - CE;381;Domicílios particulares permanentes ocupados;2022;2022;92858;Vala;1020;Unidades;179
6;Município;2305233;Horizonte - CE;381;Domicílios particulares permanentes ocupados;2022;2022;72114;Rio, lago, córrego ou mar;1020;Unidades;5
6;Município;2305233;Horizonte - CE;381;Domicílios particulares permanentes ocupados;2022;2022;72115;Outra forma;1020;Unidades;234
6;Município;2305233;Horizonte - CE;381;Domicílios particulares permanentes ocupados;2022;2022;92861;Não tinham banheiro nem sanitário;1020;Unidades;15
6;Município;2305266;Ibaretama - CE;381;Domicílios particulares permanentes ocupados;2022;2022;46292;Total;1020;Unidades;4021
6;Município;2305266;Ibaretama - CE;381;Domicílios particulares permanentes ocupados;2022;2022;72110;Rede geral ou pluvial;1020;Unidades;148
6;Município;2305266;Ibaretama - CE;381;Domicílios particulares permanentes ocupados;2022;2022;72111;Fossa séptica ou fossa filtro ligada à rede;1020;Unidades;2
6;Município;2305266;Ibaretama - CE;381;Domicílios particulares permanentes ocupados;2022;2022;72112;Fossa séptica ou fossa filtro não ligada à rede;1020;Unidades;190
6;Município;2305266;Ibaretama - CE;381;Domicílios particulares permanentes ocupados;2022;2022;72113;Fossa rudimentar ou buraco;1020;Unidades;3255
6;Município;2305266;Ibaretama - CE;381;Domicílios particulares permanentes ocupados;2022;2022;92858;Vala;1020;Unidades;176
6;Município;2305266;Ibaretama - CE;381;Domicílios particulares permanentes ocupados;2022;2022;72114;Rio, lago, córrego ou mar;1020;Unidades;13
6;Município;2305266;Ibaretama - CE;381;Domicílios particulares permanentes ocupados;2022;2022;72115;Outra forma;1020;Unidades;113
6;Município;2305266;Ibaretama - CE;381;Domicílios particulares permanentes ocupados;2022;2022;92861;Não tinham banheiro nem sanitário;1020;Unidades;124
6;Município;2305308;Ibiapina - CE;381;Domicílios particulares permanentes ocupados;2022;2022;46292;Total;1020;Unidades;7898
6;Município;2305308;Ibiapina - CE;381;Domicílios particulares permanentes ocupados;2022;2022;72110;Rede geral ou pluvial;1020;Unidades;368
6;Município;2305308;Ibiapina - CE;381;Domicílios particulares permanentes ocupados;2022;2022;72111;Fossa séptica ou fossa filtro ligada à rede;1020;Unidades;84
6;Município;2305308;Ibiapina - CE;381;Domicílios particulares permanentes ocupados;2022;2022;72112;Fossa séptica ou fossa filtro não ligada à rede;1020;Unidades;4627
6;Município;2305308;Ibiapina - CE;381;Domicílios particulares permanentes ocupados;2022;2022;72113;Fossa rudimentar ou buraco;1020;Unidades;2621
6;Município;2305308;Ibiapina - CE;381;Domicílios particulares permanentes ocupados;2022;2022;92858;Vala;1020;Unidades;26
6;Município;2305308;Ibiapina - CE;381;Domicílios particulares permanentes ocupados;2022;2022;72114;Rio, lago, córrego ou mar;1020;Unidades;5
6;Município;2305308;Ibiapina - CE;381;Domicílios particulares permanentes ocupados;2022;2022;72115;Outra forma;1020;Unidades;126
6;Município;2305308;Ibiapina - CE;381;Domicílios particulares permanentes ocupados;2022;2022;92861;Não tinham banheiro nem sanitário;1020;Unidades;41
6;Município;2305332;Ibicuitinga - CE;381;Domicílios particulares permanentes ocupados;2022;2022;46292;Total;1020;Unidades;4074
6;Município;2305332;Ibicuitinga - CE;381;Domicílios particulares permanentes ocupados;2022;2022;72110;Rede geral ou pluvial;1020;Unidades;993
6;Município;2305332;Ibicuitinga - CE;381;Domicílios particulares permanentes ocupados;2022;2022;72111;Fossa séptica ou fossa filtro ligada à rede;1020;Unidades;2
6;Município;2305332;Ibicuitinga - CE;381;Domicílios particulares permanentes ocupados;2022;2022;72112;Fossa séptica ou fossa filtro não ligada à rede;1020;Unidades;13
6;Município;2305332;Ibicuitinga - CE;381;Domicílios particulares permanentes ocupados;2022;2022;72113;Fossa rudimentar ou buraco;1020;Unidades;2757
6;Município;2305332;Ibicuitinga - CE;381;Domicílios particulares permanentes ocupados;2022;2022;92858;Vala;1020;Unidades;89
6;Município;2305332;Ibicuitinga - CE;381;Domicílios particulares permanentes ocupados;2022;2022;72114;Rio, lago, córrego ou mar;1020;Unidades;20
6;Município;2305332;Ibicuitinga - CE;381;Domicílios particulares permanentes ocupados;2022;2022;72115;Outra forma;1020;Unidades;170
6;Município;2305332;Ibicuitinga - CE;381;Domicílios particulares permanentes ocupados;2022;2022;92861;Não tinham banheiro nem sanitário;1020;Unidades;30
6;Município;2305357;Icapuí - CE;381;Domicílios particulares permanentes ocupados;2022;2022;46292;Total;1020;Unidades;7177
6;Município;2305357;Icapuí - CE;381;Domicílios particulares permanentes ocupados;2022;2022;72110;Rede geral ou pluvial;1020;Unidades;96
6;Município;2305357;Icapuí - CE;381;Domicílios particulares permanentes ocupados;2022;2022;72111;Fossa séptica ou fossa filtro ligada à rede;1020;Unidades;24
6;Município;2305357;Icapuí - CE;381;Domicílios particulares permanentes ocupados;2022;2022;72112;Fossa séptica ou fossa filtro não ligada à rede;1020;Unidades;960
6;Município;2305357;Icapuí - CE;381;Domicílios particulares permanentes ocupados;2022;2022;72113;Fossa rudimentar ou buraco;1020;Unidades;5907
6;Município;2305357;Icapuí - CE;381;Domicílios particulares permanentes ocupados;2022;2022;92858;Vala;1020;Unidades;89
6;Município;2305357;Icapuí - CE;381;Domicílios particulares permanentes ocupados;2022;2022;72114;Rio, lago, córrego ou mar;1020;Unidades;-
6;Município;2305357;Icapuí - CE;381;Domicílios particulares permanentes ocupados;2022;2022;72115;Outra forma;1020;Unidades;79
6;Município;2305357;Icapuí - CE;381;Domicílios particulares permanentes ocupados;2022;2022;92861;Não tinham banheiro nem sanitário;1020;Unidades;22
6;Município;2305407;Icó - CE;381;Domicílios particulares permanentes ocupados;2022;2022;46292;Total;1020;Unidades;21424
6;Município;2305407;Icó - CE;381;Domicílios particulares permanentes ocupados;2022;2022;72110;Rede geral ou pluvial;1020;Unidades;6918
6;Município;2305407;Icó - CE;381;Domicílios particulares permanentes ocupados;2022;2022;72111;Fossa séptica ou fossa filtro ligada à rede;1020;Unidades;335
6;Município;2305407;Icó - CE;381;Domicílios particulares permanentes ocupados;2022;2022;72112;Fossa séptica ou fossa filtro não ligada à rede;1020;Unidades;2259
6;Município;2305407;Icó - CE;381;Domicílios particulares permanentes ocupados;2022;2022;72113;Fossa rudimentar ou buraco;1020;Unidades;10539
6;Município;2305407;Icó - CE;381;Domicílios particulares permanentes ocupados;2022;2022;92858;Vala;1020;Unidades;604
6;Município;2305407;Icó - CE;381;Domicílios particulares permanentes ocupados;2022;2022;72114;Rio, lago, córrego ou mar;1020;Unidades;247
6;Município;2305407;Icó - CE;381;Domicílios particulares permanentes ocupados;2022;2022;72115;Outra forma;1020;Unidades;213
6;Município;2305407;Icó - CE;381;Domicílios particulares permanentes ocupados;2022;2022;92861;Não tinham banheiro nem sanitário;1020;Unidades;309
6;Município;2305506;Iguatu - CE;381;Domicílios particulares permanentes ocupados;2022;2022;46292;Total;1020;Unidades;34954
6;Município;2305506;Iguatu - CE;381;Domicílios particulares permanentes ocupados;2022;2022;72110;Rede geral ou pluvial;1020;Unidades;10903
6;Município;2305506;Iguatu - CE;381;Domicílios particulares permanentes ocupados;2022;2022;72111;Fossa séptica ou fossa filtro ligada à rede;1020;Unidades;1080
6;Município;2305506;Iguatu - CE;381;Domicílios particulares permanentes ocupados;2022;2022;72112;Fossa séptica ou fossa filtro não ligada à rede;1020;Unidades;7482
6;Município;2305506;Iguatu - CE;381;Domicílios particulares permanentes ocupados;2022;2022;72113;Fossa rudimentar ou buraco;1020;Unidades;12133
6;Município;2305506;Iguatu - CE;381;Domicílios particulares permanentes ocupados;2022;2022;92858;Vala;1020;Unidades;1834
6;Município;2305506;Iguatu - CE;381;Domicílios particulares permanentes ocupados;2022;2022;72114;Rio, lago, córrego ou mar;1020;Unidades;115
6;Município;2305506;Iguatu - CE;381;Domicílios particulares permanentes ocupados;2022;2022;72115;Outra forma;1020;Unidades;1252
6;Município;2305506;Iguatu - CE;381;Domicílios particulares permanentes ocupados;2022;2022;92861;Não tinham banheiro nem sanitário;1020;Unidades;155
6;Município;2305605;Independência - CE;381;Domicílios particulares permanentes ocupados;2022;2022;46292;Total;1020;Unidades;8466
6;Município;2305605;Independência - CE;381;Domicílios particulares permanentes ocupados;2022;2022;72110;Rede geral ou pluvial;1020;Unidades;2589
6;Município;2305605;Independência - CE;381;Domicílios particulares permanentes ocupados;2022;2022;72111;Fossa séptica ou fossa filtro ligada à rede;1020;Unidades;74
6;Município;2305605;Independência - CE;381;Domicílios particulares permanentes ocupados;2022;2022;72112;Fossa séptica ou fossa filtro não ligada à rede;1020;Unidades;1441
6;Município;2305605;Independência - CE;381;Domicílios particulares permanentes ocupados;2022;2022;72113;Fossa rudimentar ou buraco;1020;Unidades;2880
6;Município;2305605;Independência - CE;381;Domicílios particulares permanentes ocupados;2022;2022;92858;Vala;1020;Unidades;398
6;Município;2305605;Independência - CE;381;Domicílios particulares permanentes ocupados;2022;2022;72114;Rio, lago, córrego ou mar;1020;Unidades;176
6;Município;2305605;Independência - CE;381;Domicílios particulares permanentes ocupados;2022;2022;72115;Outra forma;1020;Unidades;513
6;Município;2305605;Independência - CE;381;Domicílios particulares permanentes ocupados;2022;2022;92861;Não tinham banheiro nem sanitário;1020;Unidades;395
6;Município;2305654;Ipaporanga - CE;381;Domicílios particulares permanentes ocupados;2022;2022;46292;Total;1020;Unidades;4296
6;Município;2305654;Ipaporanga - CE;381;Domicílios particulares permanentes ocupados;2022;2022;72110;Rede geral ou pluvial;1020;Unidades;86
6;Município;2305654;Ipaporanga - CE;381;Domicílios particulares permanentes ocupados;2022;2022;72111;Fossa séptica ou fossa filtro ligada à rede;1020;Unidades;10
6;Município;2305654;Ipaporanga - CE;381;Domicílios particulares permanentes ocupados;2022;2022;72112;Fossa séptica ou fossa filtro não ligada à rede;1020;Unidades;366
6;Município;2305654;Ipaporanga - CE;381;Domicílios particulares permanentes ocupados;2022;2022;72113;Fossa rudimentar ou buraco;1020;Unidades;3578
6;Município;2305654;Ipaporanga - CE;381;Domicílios particulares permanentes ocupados;2022;2022;92858;Vala;1020;Unidades;45
6;Município;2305654;Ipaporanga - CE;381;Domicílios particulares permanentes ocupados;2022;2022;72114;Rio, lago, córrego ou mar;1020;Unidades;2
6;Município;2305654;Ipaporanga - CE;381;Domicílios particulares permanentes ocupados;2022;2022;72115;Outra forma;1020;Unidades;64
6;Município;2305654;Ipaporanga - CE;381;Domicílios particulares permanentes ocupados;2022;2022;92861;Não tinham banheiro nem sanitário;1020;Unidades;145
6;Município;2305704;Ipaumirim - CE;381;Domicílios particulares permanentes ocupados;2022;2022;46292;Total;1020;Unidades;4072
6;Município;2305704;Ipaumirim - CE;381;Domicílios particulares permanentes ocupados;2022;2022;72110;Rede geral ou pluvial;1020;Unidades;1096
6;Município;2305704;Ipaumirim - CE;381;Domicílios particulares permanentes ocupados;2022;2022;72111;Fossa séptica ou fossa filtro ligada à rede;1020;Unidades;105
6;Município;2305704;Ipaumirim - CE;381;Domicílios particulares permanentes ocupados;2022;2022;72112;Fossa séptica ou fossa filtro não ligada à rede;1020;Unidades;810
6;Município;2305704;Ipaumirim - CE;381;Domicílios particulares permanentes ocupados;2022;2022;72113;Fossa rudimentar ou buraco;1020;Unidades;1785
6;Município;2305704;Ipaumirim - CE;381;Domicílios particulares permanentes ocupados;2022;2022;92858;Vala;1020;Unidades;131
6;Município;2305704;Ipaumirim - CE;381;Domicílios particulares permanentes ocupados;2022;2022;72114;Rio, lago, córrego ou mar;1020;Unidades;26
6;Município;2305704;Ipaumirim - CE;381;Domicílios particulares permanentes ocupados;2022;2022;72115;Outra forma;1020;Unidades;82
6;Município;2305704;Ipaumirim - CE;381;Domicílios particulares permanentes ocupados;2022;2022;92861;Não tinham banheiro nem sanitário;1020;Unidades;37
6;Município;2305803;Ipu - CE;381;Domicílios particulares permanentes ocupados;2022;2022;46292;Total;1020;Unidades;13935
6;Município;2305803;Ipu - CE;381;Domicílios particulares permanentes ocupados;2022;2022;72110;Rede geral ou pluvial;1020;Unidades;1638
6;Município;2305803;Ipu - CE;381;Domicílios particulares permanentes ocupados;2022;2022;72111;Fossa séptica ou fossa filtro ligada à rede;1020;Unidades;602
6;Município;2305803;Ipu - CE;381;Domicílios particulares permanentes ocupados;2022;2022;72112;Fossa séptica ou fossa filtro não ligada à rede;1020;Unidades;4895
6;Município;2305803;Ipu - CE;381;Domicílios particulares permanentes ocupados;2022;2022;72113;Fossa rudimentar ou buraco;1020;Unidades;6043
6;Município;2305803;Ipu - CE;381;Domicílios particulares permanentes ocupados;2022;2022;92858;Vala;1020;Unidades;310
6;Município;2305803;Ipu - CE;381;Domicílios particulares permanentes ocupados;2022;2022;72114;Rio, lago, córrego ou mar;1020;Unidades;75
6;Município;2305803;Ipu - CE;381;Domicílios particulares permanentes ocupados;2022;2022;72115;Outra forma;1020;Unidades;285
6;Município;2305803;Ipu - CE;381;Domicílios particulares permanentes ocupados;2022;2022;92861;Não tinham banheiro nem sanitário;1020;Unidades;87
6;Município;2305902;Ipueiras - CE;381;Domicílios particulares permanentes ocupados;2022;2022;46292;Total;1020;Unidades;13285
6;Município;2305902;Ipueiras - CE;381;Domicílios particulares permanentes ocupados;2022;2022;72110;Rede geral ou pluvial;1020;Unidades;1916
6;Município;2305902;Ipueiras - CE;381;Domicílios particulares permanentes ocupados;2022;2022;72111;Fossa séptica ou fossa filtro ligada à rede;1020;Unidades;333
6;Município;2305902;Ipueiras - CE;381;Domicílios particulares permanentes ocupados;2022;2022;72112;Fossa séptica ou fossa filtro não ligada à rede;1020;Unidades;539
6;Município;2305902;Ipueiras - CE;381;Domicílios particulares permanentes ocupados;2022;2022;72113;Fossa rudimentar ou buraco;1020;Unidades;9625
6;Município;2305902;Ipueiras - CE;381;Domicílios particulares permanentes ocupados;2022;2022;92858;Vala;1020;Unidades;230
6;Município;2305902;Ipueiras - CE;381;Domicílios particulares permanentes ocupados;2022;2022;72114;Rio, lago, córrego ou mar;1020;Unidades;55
6;Município;2305902;Ipueiras - CE;381;Domicílios particulares permanentes ocupados;2022;2022;72115;Outra forma;1020;Unidades;197
6;Município;2305902;Ipueiras - CE;381;Domicílios particulares permanentes ocupados;2022;2022;92861;Não tinham banheiro nem sanitário;1020;Unidades;390
6;Município;2306009;Iracema - CE;381;Domicílios particulares permanentes ocupados;2022;2022;46292;Total;1020;Unidades;4795
6;Município;2306009;Iracema - CE;381;Domicílios particulares permanentes ocupados;2022;2022;72110;Rede geral ou pluvial;1020;Unidades;1391
6;Município;2306009;Iracema - CE;381;Domicílios particulares permanentes ocupados;2022;2022;72111;Fossa séptica ou fossa filtro ligada à rede;1020;Unidades;72
6;Município;2306009;Iracema - CE;381;Domicílios particulares permanentes ocupados;2022;2022;72112;Fossa séptica ou fossa filtro não ligada à rede;1020;Unidades;897
6;Município;2306009;Iracema - CE;381;Domicílios particulares permanentes ocupados;2022;2022;72113;Fossa rudimentar ou buraco;1020;Unidades;2275
6;Município;2306009;Iracema - CE;381;Domicílios particulares permanentes ocupados;2022;2022;92858;Vala;1020;Unidades;54
6;Município;2306009;Iracema - CE;381;Domicílios particulares permanentes ocupados;2022;2022;72114;Rio, lago, córrego ou mar;1020;Unidades;3
6;Município;2306009;Iracema - CE;381;Domicílios particulares permanentes ocupados;2022;2022;72115;Outra forma;1020;Unidades;69
6;Município;2306009;Iracema - CE;381;Domicílios particulares permanentes ocupados;2022;2022;92861;Não tinham banheiro nem sanitário;1020;Unidades;34
6;Município;2306108;Irauçuba - CE;381;Domicílios particulares permanentes ocupados;2022;2022;46292;Total;1020;Unidades;7330
6;Município;2306108;Irauçuba - CE;381;Domicílios particulares permanentes ocupados;2022;2022;72110;Rede geral ou pluvial;1020;Unidades;2356
6;Município;2306108;Irauçuba - CE;381;Domicílios particulares permanentes ocupados;2022;2022;72111;Fossa séptica ou fossa filtro ligada à rede;1020;Unidades;84
6;Município;2306108;Irauçuba - CE;381;Domicílios particulares permanentes ocupados;2022;2022;72112;Fossa séptica ou fossa filtro não ligada à rede;1020;Unidades;1998
6;Município;2306108;Irauçuba - CE;381;Domicílios particulares permanentes ocupados;2022;2022;72113;Fossa rudimentar ou buraco;1020;Unidades;2293
6;Município;2306108;Irauçuba - CE;381;Domicílios particulares permanentes ocupados;2022;2022;92858;Vala;1020;Unidades;244
6;Município;2306108;Irauçuba - CE;381;Domicílios particulares permanentes ocupados;2022;2022;72114;Rio, lago, córrego ou mar;1020;Unidades;88
6;Município;2306108;Irauçuba - CE;381;Domicílios particulares permanentes ocupados;2022;2022;72115;Outra forma;1020;Unidades;130
6;Município;2306108;Irauçuba - CE;381;Domicílios particulares permanentes ocupados;2022;2022;92861;Não tinham banheiro nem sanitário;1020;Unidades;137
6;Município;2306207;Itaiçaba - CE;381;Domicílios particulares permanentes ocupados;2022;2022;46292;Total;1020;Unidades;2816
6;Município;2306207;Itaiçaba - CE;381;Domicílios particulares permanentes ocupados;2022;2022;72110;Rede geral ou pluvial;1020;Unidades;14
6;Município;2306207;Itaiçaba - CE;381;Domicílios particulares permanentes ocupados;2022;2022;72111;Fossa séptica ou fossa filtro ligada à rede;1020;Unidades;4
6;Município;2306207;Itaiçaba - CE;381;Domicílios particulares permanentes ocupados;2022;2022;72112;Fossa séptica ou fossa filtro não ligada à rede;1020;Unidades;60
6;Município;2306207;Itaiçaba - CE;381;Domicílios particulares permanentes ocupados;2022;2022;72113;Fossa rudimentar ou buraco;1020;Unidades;2677
6;Município;2306207;Itaiçaba - CE;381;Domicílios particulares permanentes ocupados;2022;2022;92858;Vala;1020;Unidades;25
6;Município;2306207;Itaiçaba - CE;381;Domicílios particulares permanentes ocupados;2022;2022;72114;Rio, lago, córrego ou mar;1020;Unidades;-
6;Município;2306207;Itaiçaba - CE;381;Domicílios particulares permanentes ocupados;2022;2022;72115;Outra forma;1020;Unidades;16
6;Município;2306207;Itaiçaba - CE;381;Domicílios particulares permanentes ocupados;2022;2022;92861;Não tinham banheiro nem sanitário;1020;Unidades;20
6;Município;2306256;Itaitinga - CE;381;Domicílios particulares permanentes ocupados;2022;2022;46292;Total;1020;Unidades;19522
6;Município;2306256;Itaitinga - CE;381;Domicílios particulares permanentes ocupados;2022;2022;72110;Rede geral ou pluvial;1020;Unidades;920
6;Município;2306256;Itaitinga - CE;381;Domicílios particulares permanentes ocupados;2022;2022;72111;Fossa séptica ou fossa filtro ligada à rede;1020;Unidades;805
6;Município;2306256;Itaitinga - CE;381;Domicílios particulares permanentes ocupados;2022;2022;72112;Fossa séptica ou fossa filtro não ligada à rede;1020;Unidades;7797
6;Município;2306256;Itaitinga - CE;381;Domicílios particulares permanentes ocupados;2022;2022;72113;Fossa rudimentar ou buraco;1020;Unidades;9788
6;Município;2306256;Itaitinga - CE;381;Domicílios particulares permanentes ocupados;2022;2022;92858;Vala;1020;Unidades;53
6;Município;2306256;Itaitinga - CE;381;Domicílios particulares permanentes ocupados;2022;2022;72114;Rio, lago, córrego ou mar;1020;Unidades;19
6;Município;2306256;Itaitinga - CE;381;Domicílios particulares permanentes ocupados;2022;2022;72115;Outra forma;1020;Unidades;132
6;Município;2306256;Itaitinga - CE;381;Domicílios particulares permanentes ocupados;2022;2022;92861;Não tinham banheiro nem sanitário;1020;Unidades;8
6;Município;2306306;Itapajé - CE;381;Domicílios particulares permanentes ocupados;2022;2022;46292;Total;1020;Unidades;15629
6;Município;2306306;Itapajé - CE;381;Domicílios particulares permanentes ocupados;2022;2022;72110;Rede geral ou pluvial;1020;Unidades;3701
6;Município;2306306;Itapajé - CE;381;Domicílios particulares permanentes ocupados;2022;2022;72111;Fossa séptica ou fossa filtro ligada à rede;1020;Unidades;1064
6;Município;2306306;Itapajé - CE;381;Domicílios particulares permanentes ocupados;2022;2022;72112;Fossa séptica ou fossa filtro não ligada à rede;1020;Unidades;2883
6;Município;2306306;Itapajé - CE;381;Domicílios particulares permanentes ocupados;2022;2022;72113;Fossa rudimentar ou buraco;1020;Unidades;6670
6;Município;2306306;Itapajé - CE;381;Domicílios particulares permanentes ocupados;2022;2022;92858;Vala;1020;Unidades;422
6;Município;2306306;Itapajé - CE;381;Domicílios particulares permanentes ocupados;2022;2022;72114;Rio, lago, córrego ou mar;1020;Unidades;376
6;Município;2306306;Itapajé - CE;381;Domicílios particulares permanentes ocupados;2022;2022;72115;Outra forma;1020;Unidades;206
6;Município;2306306;Itapajé - CE;381;Domicílios particulares permanentes ocupados;2022;2022;92861;Não tinham banheiro nem sanitário;1020;Unidades;307
6;Município;2306405;Itapipoca - CE;381;Domicílios particulares permanentes ocupados;2022;2022;46292;Total;1020;Unidades;41579
6;Município;2306405;Itapipoca - CE;381;Domicílios particulares permanentes ocupados;2022;2022;72110;Rede geral ou pluvial;1020;Unidades;11661
6;Município;2306405;Itapipoca - CE;381;Domicílios particulares permanentes ocupados;2022;2022;72111;Fossa séptica ou fossa filtro ligada à rede;1020;Unidades;1608
6;Município;2306405;Itapipoca - CE;381;Domicílios particulares permanentes ocupados;2022;2022;72112;Fossa séptica ou fossa filtro não ligada à rede;1020;Unidades;8902
6;Município;2306405;Itapipoca - CE;381;Domicílios particulares permanentes ocupados;2022;2022;72113;Fossa rudimentar ou buraco;1020;Unidades;16954
6;Município;2306405;Itapipoca - CE;381;Domicílios particulares permanentes ocupados;2022;2022;92858;Vala;1020;Unidades;784
6;Município;2306405;Itapipoca - CE;381;Domicílios particulares permanentes ocupados;2022;2022;72114;Rio, lago, córrego ou mar;1020;Unidades;68
6;Município;2306405;Itapipoca - CE;381;Domicílios particulares permanentes ocupados;2022;2022;72115;Outra forma;1020;Unidades;951
6;Município;2306405;Itapipoca - CE;381;Domicílios particulares permanentes ocupados;2022;2022;92861;Não tinham banheiro nem sanitário;1020;Unidades;651
6;Município;2306504;Itapiúna - CE;381;Domicílios particulares permanentes ocupados;2022;2022;46292;Total;1020;Unidades;6115
6;Município;2306504;Itapiúna - CE;381;Domicílios particulares permanentes ocupados;2022;2022;72110;Rede geral ou pluvial;1020;Unidades;322
6;Município;2306504;Itapiúna - CE;381;Domicílios particulares permanentes ocupados;2022;2022;72111;Fossa séptica ou fossa filtro ligada à rede;1020;Unidades;31
6;Município;2306504;Itapiúna - CE;381;Domicílios particulares permanentes ocupados;2022;2022;72112;Fossa séptica ou fossa filtro não ligada à rede;1020;Unidades;250
6;Município;2306504;Itapiúna - CE;381;Domicílios particulares permanentes ocupados;2022;2022;72113;Fossa rudimentar ou buraco;1020;Unidades;4376
6;Município;2306504;Itapiúna - CE;381;Domicílios particulares permanentes ocupados;2022;2022;92858;Vala;1020;Unidades;395
6;Município;2306504;Itapiúna - CE;381;Domicílios particulares permanentes ocupados;2022;2022;72114;Rio, lago, córrego ou mar;1020;Unidades;49
6;Município;2306504;Itapiúna - CE;381;Domicílios particulares permanentes ocupados;2022;2022;72115;Outra forma;1020;Unidades;605
6;Município;2306504;Itapiúna - CE;381;Domicílios particulares permanentes ocupados;2022;2022;92861;Não tinham banheiro nem sanitário;1020;Unidades;87
6;Município;2306553;Itarema - CE;381;Domicílios particulares permanentes ocupados;2022;2022;46292;Total;1020;Unidades;12954
6;Município;2306553;Itarema - CE;381;Domicílios particulares permanentes ocupados;2022;2022;72110;Rede geral ou pluvial;1020;Unidades;956
6;Município;2306553;Itarema - CE;381;Domicílios particulares permanentes ocupados;2022;2022;72111;Fossa séptica ou fossa filtro ligada à rede;1020;Unidades;39
6;Município;2306553;Itarema - CE;381;Domicílios particulares permanentes ocupados;2022;2022;72112;Fossa séptica ou fossa filtro não ligada à rede;1020;Unidades;528
6;Município;2306553;Itarema - CE;381;Domicílios particulares permanentes ocupados;2022;2022;72113;Fossa rudimentar ou buraco;1020;Unidades;11045
6;Município;2306553;Itarema - CE;381;Domicílios particulares permanentes ocupados;2022;2022;92858;Vala;1020;Unidades;125
6;Município;2306553;Itarema - CE;381;Domicílios particulares permanentes ocupados;2022;2022;72114;Rio, lago, córrego ou mar;1020;Unidades;15
6;Município;2306553;Itarema - CE;381;Domicílios particulares permanentes ocupados;2022;2022;72115;Outra forma;1020;Unidades;94
6;Município;2306553;Itarema - CE;381;Domicílios particulares permanentes ocupados;2022;2022;92861;Não tinham banheiro nem sanitário;1020;Unidades;152
6;Município;2306603;Itatira - CE;381;Domicílios particulares permanentes ocupados;2022;2022;46292;Total;1020;Unidades;6688
6;Município;2306603;Itatira - CE;381;Domicílios particulares permanentes ocupados;2022;2022;72110;Rede geral ou pluvial;1020;Unidades;674
6;Município;2306603;Itatira - CE;381;Domicílios particulares permanentes ocupados;2022;2022;72111;Fossa séptica ou fossa filtro ligada à rede;1020;Unidades;432
6;Município;2306603;Itatira - CE;381;Domicílios particulares permanentes ocupados;2022;2022;72112;Fossa séptica ou fossa filtro não ligada à rede;1020;Unidades;921
6;Município;2306603;Itatira - CE;381;Domicílios particulares permanentes ocupados;2022;2022;72113;Fossa rudimentar ou buraco;1020;Unidades;3532
6;Município;2306603;Itatira - CE;381;Domicílios particulares permanentes ocupados;2022;2022;92858;Vala;1020;Unidades;372
6;Município;2306603;Itatira - CE;381;Domicílios particulares permanentes ocupados;2022;2022;72114;Rio, lago, córrego ou mar;1020;Unidades;63
6;Município;2306603;Itatira - CE;381;Domicílios particulares permanentes ocupados;2022;2022;72115;Outra forma;1020;Unidades;247
6;Município;2306603;Itatira - CE;381;Domicílios particulares permanentes ocupados;2022;2022;92861;Não tinham banheiro nem sanitário;1020;Unidades;447
6;Município;2306702;Jaguaretama - CE;381;Domicílios particulares permanentes ocupados;2022;2022;46292;Total;1020;Unidades;6050
6;Município;2306702;Jaguaretama - CE;381;Domicílios particulares permanentes ocupados;2022;2022;72110;Rede geral ou pluvial;1020;Unidades;378
6;Município;2306702;Jaguaretama - CE;381;Domicílios particulares permanentes ocupados;2022;2022;72111;Fossa séptica ou fossa filtro ligada à rede;1020;Unidades;17
6;Município;2306702;Jaguaretama - CE;381;Domicílios particulares permanentes ocupados;2022;2022;72112;Fossa séptica ou fossa filtro não ligada à rede;1020;Unidades;865
6;Município;2306702;Jaguaretama - CE;381;Domicílios particulares permanentes ocupados;2022;2022;72113;Fossa rudimentar ou buraco;1020;Unidades;3594
6;Município;2306702;Jaguaretama - CE;381;Domicílios particulares permanentes ocupados;2022;2022;92858;Vala;1020;Unidades;657
6;Município;2306702;Jaguaretama - CE;381;Domicílios particulares permanentes ocupados;2022;2022;72114;Rio, lago, córrego ou mar;1020;Unidades;8
6;Município;2306702;Jaguaretama - CE;381;Domicílios particulares permanentes ocupados;2022;2022;72115;Outra forma;1020;Unidades;455
6;Município;2306702;Jaguaretama - CE;381;Domicílios particulares permanentes ocupados;2022;2022;92861;Não tinham banheiro nem sanitário;1020;Unidades;76
6;Município;2306801;Jaguaribara - CE;381;Domicílios particulares permanentes ocupados;2022;2022;46292;Total;1020;Unidades;3361
6;Município;2306801;Jaguaribara - CE;381;Domicílios particulares permanentes ocupados;2022;2022;72110;Rede geral ou pluvial;1020;Unidades;1746
6;Município;2306801;Jaguaribara - CE;381;Domicílios particulares permanentes ocupados;2022;2022;72111;Fossa séptica ou fossa filtro ligada à rede;1020;Unidades;357
6;Município;2306801;Jaguaribara - CE;381;Domicílios particulares permanentes ocupados;2022;2022;72112;Fossa séptica ou fossa filtro não ligada à rede;1020;Unidades;596
6;Município;2306801;Jaguaribara - CE;381;Domicílios particulares permanentes ocupados;2022;2022;72113;Fossa rudimentar ou buraco;1020;Unidades;555
6;Município;2306801;Jaguaribara - CE;381;Domicílios particulares permanentes ocupados;2022;2022;92858;Vala;1020;Unidades;38
6;Município;2306801;Jaguaribara - CE;381;Domicílios particulares permanentes ocupados;2022;2022;72114;Rio, lago, córrego ou mar;1020;Unidades;-
6;Município;2306801;Jaguaribara - CE;381;Domicílios particulares permanentes ocupados;2022;2022;72115;Outra forma;1020;Unidades;47
6;Município;2306801;Jaguaribara - CE;381;Domicílios particulares permanentes ocupados;2022;2022;92861;Não tinham banheiro nem sanitário;1020;Unidades;22
6;Município;2306900;Jaguaribe - CE;381;Domicílios particulares permanentes ocupados;2022;2022;46292;Total;1020;Unidades;12399
6;Município;2306900;Jaguaribe - CE;381;Domicílios particulares permanentes ocupados;2022;2022;72110;Rede geral ou pluvial;1020;Unidades;7384
6;Município;2306900;Jaguaribe - CE;381;Domicílios particulares permanentes ocupados;2022;2022;72111;Fossa séptica ou fossa filtro ligada à rede;1020;Unidades;351
6;Município;2306900;Jaguaribe - CE;381;Domicílios particulares permanentes ocupados;2022;2022;72112;Fossa séptica ou fossa filtro não ligada à rede;1020;Unidades;1568
6;Município;2306900;Jaguaribe - CE;381;Domicílios particulares permanentes ocupados;2022;2022;72113;Fossa rudimentar ou buraco;1020;Unidades;2007
6;Município;2306900;Jaguaribe - CE;381;Domicílios particulares permanentes ocupados;2022;2022;92858;Vala;1020;Unidades;763
6;Município;2306900;Jaguaribe - CE;381;Domicílios particulares permanentes ocupados;2022;2022;72114;Rio, lago, córrego ou mar;1020;Unidades;33
6;Município;2306900;Jaguaribe - CE;381;Domicílios particulares permanentes ocupados;2022;2022;72115;Outra forma;1020;Unidades;169
6;Município;2306900;Jaguaribe - CE;381;Domicílios particulares permanentes ocupados;2022;2022;92861;Não tinham banheiro nem sanitário;1020;Unidades;124
6;Município;2307007;Jaguaruana - CE;381;Domicílios particulares permanentes ocupados;2022;2022;46292;Total;1020;Unidades;11726
6;Município;2307007;Jaguaruana - CE;381;Domicílios particulares permanentes ocupados;2022;2022;72110;Rede geral ou pluvial;1020;Unidades;1533
6;Município;2307007;Jaguaruana - CE;381;Domicílios particulares permanentes ocupados;2022;2022;72111;Fossa séptica ou fossa filtro ligada à rede;1020;Unidades;42
6;Município;2307007;Jaguaruana - CE;381;Domicílios particulares permanentes ocupados;2022;2022;72112;Fossa séptica ou fossa filtro não ligada à rede;1020;Unidades;568
6;Município;2307007;Jaguaruana - CE;381;Domicílios particulares permanentes ocupados;2022;2022;72113;Fossa rudimentar ou buraco;1020;Unidades;6575
6;Município;2307007;Jaguaruana - CE;381;Domicílios particulares permanentes ocupados;2022;2022;92858;Vala;1020;Unidades;472
6;Município;2307007;Jaguaruana - CE;381;Domicílios particulares permanentes ocupados;2022;2022;72114;Rio, lago, córrego ou mar;1020;Unidades;103
6;Município;2307007;Jaguaruana - CE;381;Domicílios particulares permanentes ocupados;2022;2022;72115;Outra forma;1020;Unidades;2322
6;Município;2307007;Jaguaruana - CE;381;Domicílios particulares permanentes ocupados;2022;2022;92861;Não tinham banheiro nem sanitário;1020;Unidades;111
6;Município;2307106;Jardim - CE;381;Domicílios particulares permanentes ocupados;2022;2022;46292;Total;1020;Unidades;8745
6;Município;2307106;Jardim - CE;381;Domicílios particulares permanentes ocupados;2022;2022;72110;Rede geral ou pluvial;1020;Unidades;2408
6;Município;2307106;Jardim - CE;381;Domicílios particulares permanentes ocupados;2022;2022;72111;Fossa séptica ou fossa filtro ligada à rede;1020;Unidades;325
6;Município;2307106;Jardim - CE;381;Domicílios particulares permanentes ocupados;2022;2022;72112;Fossa séptica ou fossa filtro não ligada à rede;1020;Unidades;1433
6;Município;2307106;Jardim - CE;381;Domicílios particulares permanentes ocupados;2022;2022;72113;Fossa rudimentar ou buraco;1020;Unidades;3282
6;Município;2307106;Jardim - CE;381;Domicílios particulares permanentes ocupados;2022;2022;92858;Vala;1020;Unidades;328
6;Município;2307106;Jardim - CE;381;Domicílios particulares permanentes ocupados;2022;2022;72114;Rio, lago, córrego ou mar;1020;Unidades;76
6;Município;2307106;Jardim - CE;381;Domicílios particulares permanentes ocupados;2022;2022;72115;Outra forma;1020;Unidades;315
6;Município;2307106;Jardim - CE;381;Domicílios particulares permanentes ocupados;2022;2022;92861;Não tinham banheiro nem sanitário;1020;Unidades;578
6;Município;2307205;Jati - CE;381;Domicílios particulares permanentes ocupados;2022;2022;46292;Total;1020;Unidades;2620
6;Município;2307205;Jati - CE;381;Domicílios particulares permanentes ocupados;2022;2022;72110;Rede geral ou pluvial;1020;Unidades;683
6;Município;2307205;Jati - CE;381;Domicílios particulares permanentes ocupados;2022;2022;72111;Fossa séptica ou fossa filtro ligada à rede;1020;Unidades;68
6;Município;2307205;Jati - CE;381;Domicílios particulares permanentes ocupados;2022;2022;72112;Fossa séptica ou fossa filtro não ligada à rede;1020;Unidades;790
6;Município;2307205;Jati - CE;381;Domicílios particulares permanentes ocupados;2022;2022;72113;Fossa rudimentar ou buraco;1020;Unidades;882
6;Município;2307205;Jati - CE;381;Domicílios particulares permanentes ocupados;2022;2022;92858;Vala;1020;Unidades;146
6;Município;2307205;Jati - CE;381;Domicílios particulares permanentes ocupados;2022;2022;72114;Rio, lago, córrego ou mar;1020;Unidades;2
6;Município;2307205;Jati - CE;381;Domicílios particulares permanentes ocupados;2022;2022;72115;Outra forma;1020;Unidades;18
6;Município;2307205;Jati - CE;381;Domicílios particulares permanentes ocupados;2022;2022;92861;Não tinham banheiro nem sanitário;1020;Unidades;31
6;Município;2307254;Jijoca de Jericoacoara - CE;381;Domicílios particulares permanentes ocupados;2022;2022;46292;Total;1020;Unidades;8795
6;Município;2307254;Jijoca de Jericoacoara - CE;381;Domicílios particulares permanentes ocupados;2022;2022;72110;Rede geral ou pluvial;1020;Unidades;1379
6;Município;2307254;Jijoca de Jericoacoara - CE;381;Domicílios particulares permanentes ocupados;2022;2022;72111;Fossa séptica ou fossa filtro ligada à rede;1020;Unidades;348
6;Município;2307254;Jijoca de Jericoacoara - CE;381;Domicílios particulares permanentes ocupados;2022;2022;72112;Fossa séptica ou fossa filtro não ligada à rede;1020;Unidades;1444
6;Município;2307254;Jijoca de Jericoacoara - CE;381;Domicílios particulares permanentes ocupados;2022;2022;72113;Fossa rudimentar ou buraco;1020;Unidades;5528
6;Município;2307254;Jijoca de Jericoacoara - CE;381;Domicílios particulares permanentes ocupados;2022;2022;92858;Vala;1020;Unidades;30
6;Município;2307254;Jijoca de Jericoacoara - CE;381;Domicílios particulares permanentes ocupados;2022;2022;72114;Rio, lago, córrego ou mar;1020;Unidades;2
6;Município;2307254;Jijoca de Jericoacoara - CE;381;Domicílios particulares permanentes ocupados;2022;2022;72115;Outra forma;1020;Unidades;47
6;Município;2307254;Jijoca de Jericoacoara - CE;381;Domicílios particulares permanentes ocupados;2022;2022;92861;Não tinham banheiro nem sanitário;1020;Unidades;17
6;Município;2307304;Juazeiro do Norte - CE;381;Domicílios particulares permanentes ocupados;2022;2022;46292;Total;1020;Unidades;97385
6;Município;2307304;Juazeiro do Norte - CE;381;Domicílios particulares permanentes ocupados;2022;2022;72110;Rede geral ou pluvial;1020;Unidades;36521
6;Município;2307304;Juazeiro do Norte - CE;381;Domicílios particulares permanentes ocupados;2022;2022;72111;Fossa séptica ou fossa filtro ligada à rede;1020;Unidades;3721
6;Município;2307304;Juazeiro do Norte - CE;381;Domicílios particulares permanentes ocupados;2022;2022;72112;Fossa séptica ou fossa filtro não ligada à rede;1020;Unidades;32132
6;Município;2307304;Juazeiro do Norte - CE;381;Domicílios particulares permanentes ocupados;2022;2022;72113;Fossa rudimentar ou buraco;1020;Unidades;23799
6;Município;2307304;Juazeiro do Norte - CE;381;Domicílios particulares permanentes ocupados;2022;2022;92858;Vala;1020;Unidades;404
6;Município;2307304;Juazeiro do Norte - CE;381;Domicílios particulares permanentes ocupados;2022;2022;72114;Rio, lago, córrego ou mar;1020;Unidades;63
6;Município;2307304;Juazeiro do Norte - CE;381;Domicílios particulares permanentes ocupados;2022;2022;72115;Outra forma;1020;Unidades;651
6;Município;2307304;Juazeiro do Norte - CE;381;Domicílios particulares permanentes ocupados;2022;2022;92861;Não tinham banheiro nem sanitário;1020;Unidades;94
6;Município;2307403;Jucás - CE;381;Domicílios particulares permanentes ocupados;2022;2022;46292;Total;1020;Unidades;8224
6;Município;2307403;Jucás - CE;381;Domicílios particulares permanentes ocupados;2022;2022;72110;Rede geral ou pluvial;1020;Unidades;1782
6;Município;2307403;Jucás - CE;381;Domicílios particulares permanentes ocupados;2022;2022;72111;Fossa séptica ou fossa filtro ligada à rede;1020;Unidades;103
6;Município;2307403;Jucás - CE;381;Domicílios particulares permanentes ocupados;2022;2022;72112;Fossa séptica ou fossa filtro não ligada à rede;1020;Unidades;3372
6;Município;2307403;Jucás - CE;381;Domicílios particulares permanentes ocupados;2022;2022;72113;Fossa rudimentar ou buraco;1020;Unidades;2493
6;Município;2307403;Jucás - CE;381;Domicílios particulares permanentes ocupados;2022;2022;92858;Vala;1020;Unidades;125
6;Município;2307403;Jucás - CE;381;Domicílios particulares permanentes ocupados;2022;2022;72114;Rio, lago, córrego ou mar;1020;Unidades;24
6;Município;2307403;Jucás - CE;381;Domicílios particulares permanentes ocupados;2022;2022;72115;Outra forma;1020;Unidades;106
6;Município;2307403;Jucás - CE;381;Domicílios particulares permanentes ocupados;2022;2022;92861;Não tinham banheiro nem sanitário;1020;Unidades;219
6;Município;2307502;Lavras da Mangabeira - CE;381;Domicílios particulares permanentes ocupados;2022;2022;46292;Total;1020;Unidades;10477
6;Município;2307502;Lavras da Mangabeira - CE;381;Domicílios particulares permanentes ocupados;2022;2022;72110;Rede geral ou pluvial;1020;Unidades;2869
6;Município;2307502;Lavras da Mangabeira - CE;381;Domicílios particulares permanentes ocupados;2022;2022;72111;Fossa séptica ou fossa filtro ligada à rede;1020;Unidades;322
6;Município;2307502;Lavras da Mangabeira - CE;381;Domicílios particulares permanentes ocupados;2022;2022;72112;Fossa séptica ou fossa filtro não ligada à rede;1020;Unidades;1321
6;Município;2307502;Lavras da Mangabeira - CE;381;Domicílios particulares permanentes ocupados;2022;2022;72113;Fossa rudimentar ou buraco;1020;Unidades;4471
6;Município;2307502;Lavras da Mangabeira - CE;381;Domicílios particulares permanentes ocupados;2022;2022;92858;Vala;1020;Unidades;1014
6;Município;2307502;Lavras da Mangabeira - CE;381;Domicílios particulares permanentes ocupados;2022;2022;72114;Rio, lago, córrego ou mar;1020;Unidades;21
6;Município;2307502;Lavras da Mangabeira - CE;381;Domicílios particulares permanentes ocupados;2022;2022;72115;Outra forma;1020;Unidades;125
6;Município;2307502;Lavras da Mangabeira - CE;381;Domicílios particulares permanentes ocupados;2022;2022;92861;Não tinham banheiro nem sanitário;1020;Unidades;334
6;Município;2307601;Limoeiro do Norte - CE;381;Domicílios particulares permanentes ocupados;2022;2022;46292;Total;1020;Unidades;21437
6;Município;2307601;Limoeiro do Norte - CE;381;Domicílios particulares permanentes ocupados;2022;2022;72110;Rede geral ou pluvial;1020;Unidades;7373
6;Município;2307601;Limoeiro do Norte - CE;381;Domicílios particulares permanentes ocupados;2022;2022;72111;Fossa séptica ou fossa filtro ligada à rede;1020;Unidades;380
6;Município;2307601;Limoeiro do Norte - CE;381;Domicílios particulares permanentes ocupados;2022;2022;72112;Fossa séptica ou fossa filtro não ligada à rede;1020;Unidades;4906
6;Município;2307601;Limoeiro do Norte - CE;381;Domicílios particulares permanentes ocupados;2022;2022;72113;Fossa rudimentar ou buraco;1020;Unidades;8409
6;Município;2307601;Limoeiro do Norte - CE;381;Domicílios particulares permanentes ocupados;2022;2022;92858;Vala;1020;Unidades;260
6;Município;2307601;Limoeiro do Norte - CE;381;Domicílios particulares permanentes ocupados;2022;2022;72114;Rio, lago, córrego ou mar;1020;Unidades;17
6;Município;2307601;Limoeiro do Norte - CE;381;Domicílios particulares permanentes ocupados;2022;2022;72115;Outra forma;1020;Unidades;78
6;Município;2307601;Limoeiro do Norte - CE;381;Domicílios particulares permanentes ocupados;2022;2022;92861;Não tinham banheiro nem sanitário;1020;Unidades;14
6;Município;2307635;Madalena - CE;381;Domicílios particulares permanentes ocupados;2022;2022;46292;Total;1020;Unidades;5603
6;Município;2307635;Madalena - CE;381;Domicílios particulares permanentes ocupados;2022;2022;72110;Rede geral ou pluvial;1020;Unidades;580
6;Município;2307635;Madalena - CE;381;Domicílios particulares permanentes ocupados;2022;2022;72111;Fossa séptica ou fossa filtro ligada à rede;1020;Unidades;155
6;Município;2307635;Madalena - CE;381;Domicílios particulares permanentes ocupados;2022;2022;72112;Fossa séptica ou fossa filtro não ligada à rede;1020;Unidades;1004
6;Município;2307635;Madalena - CE;381;Domicílios particulares permanentes ocupados;2022;2022;72113;Fossa rudimentar ou buraco;1020;Unidades;3044
6;Município;2307635;Madalena - CE;381;Domicílios particulares permanentes ocupados;2022;2022;92858;Vala;1020;Unidades;387
6;Município;2307635;Madalena - CE;381;Domicílios particulares permanentes ocupados;2022;2022;72114;Rio, lago, córrego ou mar;1020;Unidades;35
6;Município;2307635;Madalena - CE;381;Domicílios particulares permanentes ocupados;2022;2022;72115;Outra forma;1020;Unidades;324
6;Município;2307635;Madalena - CE;381;Domicílios particulares permanentes ocupados;2022;2022;92861;Não tinham banheiro nem sanitário;1020;Unidades;74
6;Município;2307650;Maracanaú - CE;381;Domicílios particulares permanentes ocupados;2022;2022;46292;Total;1020;Unidades;79675
6;Município;2307650;Maracanaú - CE;381;Domicílios particulares permanentes ocupados;2022;2022;72110;Rede geral ou pluvial;1020;Unidades;40307
6;Município;2307650;Maracanaú - CE;381;Domicílios particulares permanentes ocupados;2022;2022;72111;Fossa séptica ou fossa filtro ligada à rede;1020;Unidades;2341
6;Município;2307650;Maracanaú - CE;381;Domicílios particulares permanentes ocupados;2022;2022;72112;Fossa séptica ou fossa filtro não ligada à rede;1020;Unidades;21656
6;Município;2307650;Maracanaú - CE;381;Domicílios particulares permanentes ocupados;2022;2022;72113;Fossa rudimentar ou buraco;1020;Unidades;14106
6;Município;2307650;Maracanaú - CE;381;Domicílios particulares permanentes ocupados;2022;2022;92858;Vala;1020;Unidades;562
6;Município;2307650;Maracanaú - CE;381;Domicílios particulares permanentes ocupados;2022;2022;72114;Rio, lago, córrego ou mar;1020;Unidades;321
6;Município;2307650;Maracanaú - CE;381;Domicílios particulares permanentes ocupados;2022;2022;72115;Outra forma;1020;Unidades;296
6;Município;2307650;Maracanaú - CE;381;Domicílios particulares permanentes ocupados;2022;2022;92861;Não tinham banheiro nem sanitário;1020;Unidades;86
6;Município;2307700;Maranguape - CE;381;Domicílios particulares permanentes ocupados;2022;2022;46292;Total;1020;Unidades;35066
6;Município;2307700;Maranguape - CE;381;Domicílios particulares permanentes ocupados;2022;2022;72110;Rede geral ou pluvial;1020;Unidades;10200
6;Município;2307700;Maranguape - CE;381;Domicílios particulares permanentes ocupados;2022;2022;72111;Fossa séptica ou fossa filtro ligada à rede;1020;Unidades;982
6;Município;2307700;Maranguape - CE;381;Domicílios particulares permanentes ocupados;2022;2022;72112;Fossa séptica ou fossa filtro não ligada à rede;1020;Unidades;9517
6;Município;2307700;Maranguape - CE;381;Domicílios particulares permanentes ocupados;2022;2022;72113;Fossa rudimentar ou buraco;1020;Unidades;12407
6;Município;2307700;Maranguape - CE;381;Domicílios particulares permanentes ocupados;2022;2022;92858;Vala;1020;Unidades;469
6;Município;2307700;Maranguape - CE;381;Domicílios particulares permanentes ocupados;2022;2022;72114;Rio, lago, córrego ou mar;1020;Unidades;461
6;Município;2307700;Maranguape - CE;381;Domicílios particulares permanentes ocupados;2022;2022;72115;Outra forma;1020;Unidades;955
6;Município;2307700;Maranguape - CE;381;Domicílios particulares permanentes ocupados;2022;2022;92861;Não tinham banheiro nem sanitário;1020;Unidades;75
6;Município;2307809;Marco - CE;381;Domicílios particulares permanentes ocupados;2022;2022;46292;Total;1020;Unidades;7594
6;Município;2307809;Marco - CE;381;Domicílios particulares permanentes ocupados;2022;2022;72110;Rede geral ou pluvial;1020;Unidades;798
6;Município;2307809;Marco - CE;381;Domicílios particulares permanentes ocupados;2022;2022;72111;Fossa séptica ou fossa filtro ligada à rede;1020;Unidades;103
6;Município;2307809;Marco - CE;381;Domicílios particulares permanentes ocupados;2022;2022;72112;Fossa séptica ou fossa filtro não ligada à rede;1020;Unidades;1318
6;Município;2307809;Marco - CE;381;Domicílios particulares permanentes ocupados;2022;2022;72113;Fossa rudimentar ou buraco;1020;Unidades;4987
6;Município;2307809;Marco - CE;381;Domicílios particulares permanentes ocupados;2022;2022;92858;Vala;1020;Unidades;225
6;Município;2307809;Marco - CE;381;Domicílios particulares permanentes ocupados;2022;2022;72114;Rio, lago, córrego ou mar;1020;Unidades;34
6;Município;2307809;Marco - CE;381;Domicílios particulares permanentes ocupados;2022;2022;72115;Outra forma;1020;Unidades;68
6;Município;2307809;Marco - CE;381;Domicílios particulares permanentes ocupados;2022;2022;92861;Não tinham banheiro nem sanitário;1020;Unidades;61
6;Município;2307908;Martinópole - CE;381;Domicílios particulares permanentes ocupados;2022;2022;46292;Total;1020;Unidades;3698
6;Município;2307908;Martinópole - CE;381;Domicílios particulares permanentes ocupados;2022;2022;72110;Rede geral ou pluvial;1020;Unidades;172
6;Município;2307908;Martinópole - CE;381;Domicílios particulares permanentes ocupados;2022;2022;72111;Fossa séptica ou fossa filtro ligada à rede;1020;Unidades;-
6;Município;2307908;Martinópole - CE;381;Domicílios particulares permanentes ocupados;2022;2022;72112;Fossa séptica ou fossa filtro não ligada à rede;1020;Unidades;17
6;Município;2307908;Martinópole - CE;381;Domicílios particulares permanentes ocupados;2022;2022;72113;Fossa rudimentar ou buraco;1020;Unidades;3100
6;Município;2307908;Martinópole - CE;381;Domicílios particulares permanentes ocupados;2022;2022;92858;Vala;1020;Unidades;202
6;Município;2307908;Martinópole - CE;381;Domicílios particulares permanentes ocupados;2022;2022;72114;Rio, lago, córrego ou mar;1020;Unidades;1
6;Município;2307908;Martinópole - CE;381;Domicílios particulares permanentes ocupados;2022;2022;72115;Outra forma;1020;Unidades;38
6;Município;2307908;Martinópole - CE;381;Domicílios particulares permanentes ocupados;2022;2022;92861;Não tinham banheiro nem sanitário;1020;Unidades;168
6;Município;2308005;Massapê - CE;381;Domicílios particulares permanentes ocupados;2022;2022;46292;Total;1020;Unidades;12335
6;Município;2308005;Massapê - CE;381;Domicílios particulares permanentes ocupados;2022;2022;72110;Rede geral ou pluvial;1020;Unidades;3436
6;Município;2308005;Massapê - CE;381;Domicílios particulares permanentes ocupados;2022;2022;72111;Fossa séptica ou fossa filtro ligada à rede;1020;Unidades;214
6;Município;2308005;Massapê - CE;381;Domicílios particulares permanentes ocupados;2022;2022;72112;Fossa séptica ou fossa filtro não ligada à rede;1020;Unidades;1146
6;Município;2308005;Massapê - CE;381;Domicílios particulares permanentes ocupados;2022;2022;72113;Fossa rudimentar ou buraco;1020;Unidades;6186
6;Município;2308005;Massapê - CE;381;Domicílios particulares permanentes ocupados;2022;2022;92858;Vala;1020;Unidades;336
6;Município;2308005;Massapê - CE;381;Domicílios particulares permanentes ocupados;2022;2022;72114;Rio, lago, córrego ou mar;1020;Unidades;85
6;Município;2308005;Massapê - CE;381;Domicílios particulares permanentes ocupados;2022;2022;72115;Outra forma;1020;Unidades;319
6;Município;2308005;Massapê - CE;381;Domicílios particulares permanentes ocupados;2022;2022;92861;Não tinham banheiro nem sanitário;1020;Unidades;613
6;Município;2308104;Mauriti - CE;381;Domicílios particulares permanentes ocupados;2022;2022;46292;Total;1020;Unidades;14873
6;Município;2308104;Mauriti - CE;381;Domicílios particulares permanentes ocupados;2022;2022;72110;Rede geral ou pluvial;1020;Unidades;1668
6;Município;2308104;Mauriti - CE;381;Domicílios particulares permanentes ocupados;2022;2022;72111;Fossa séptica ou fossa filtro ligada à rede;1020;Unidades;141
6;Município;2308104;Mauriti - CE;381;Domicílios particulares permanentes ocupados;2022;2022;72112;Fossa séptica ou fossa filtro não ligada à rede;1020;Unidades;2124
6;Município;2308104;Mauriti - CE;381;Domicílios particulares permanentes ocupados;2022;2022;72113;Fossa rudimentar ou buraco;1020;Unidades;9554
6;Município;2308104;Mauriti - CE;381;Domicílios particulares permanentes ocupados;2022;2022;92858;Vala;1020;Unidades;568
6;Município;2308104;Mauriti - CE;381;Domicílios particulares permanentes ocupados;2022;2022;72114;Rio, lago, córrego ou mar;1020;Unidades;14
6;Município;2308104;Mauriti - CE;381;Domicílios particulares permanentes ocupados;2022;2022;72115;Outra forma;1020;Unidades;596
6;Município;2308104;Mauriti - CE;381;Domicílios particulares permanentes ocupados;2022;2022;92861;Não tinham banheiro nem sanitário;1020;Unidades;208
6;Município;2308203;Meruoca - CE;381;Domicílios particulares permanentes ocupados;2022;2022;46292;Total;1020;Unidades;4824
6;Município;2308203;Meruoca - CE;381;Domicílios particulares permanentes ocupados;2022;2022;72110;Rede geral ou pluvial;1020;Unidades;357
6;Município;2308203;Meruoca - CE;381;Domicílios particulares permanentes ocupados;2022;2022;72111;Fossa séptica ou fossa filtro ligada à rede;1020;Unidades;24
6;Município;2308203;Meruoca - CE;381;Domicílios particulares permanentes ocupados;2022;2022;72112;Fossa séptica ou fossa filtro não ligada à rede;1020;Unidades;1407
6;Município;2308203;Meruoca - CE;381;Domicílios particulares permanentes ocupados;2022;2022;72113;Fossa rudimentar ou buraco;1020;Unidades;2808
6;Município;2308203;Meruoca - CE;381;Domicílios particulares permanentes ocupados;2022;2022;92858;Vala;1020;Unidades;118
6;Município;2308203;Meruoca - CE;381;Domicílios particulares permanentes ocupados;2022;2022;72114;Rio, lago, córrego ou mar;1020;Unidades;4
6;Município;2308203;Meruoca - CE;381;Domicílios particulares permanentes ocupados;2022;2022;72115;Outra forma;1020;Unidades;43
6;Município;2308203;Meruoca - CE;381;Domicílios particulares permanentes ocupados;2022;2022;92861;Não tinham banheiro nem sanitário;1020;Unidades;63
6;Município;2308302;Milagres - CE;381;Domicílios particulares permanentes ocupados;2022;2022;46292;Total;1020;Unidades;8755
6;Município;2308302;Milagres - CE;381;Domicílios particulares permanentes ocupados;2022;2022;72110;Rede geral ou pluvial;1020;Unidades;1574
6;Município;2308302;Milagres - CE;381;Domicílios particulares permanentes ocupados;2022;2022;72111;Fossa séptica ou fossa filtro ligada à rede;1020;Unidades;850
6;Município;2308302;Milagres - CE;381;Domicílios particulares permanentes ocupados;2022;2022;72112;Fossa séptica ou fossa filtro não ligada à rede;1020;Unidades;3328
6;Município;2308302;Milagres - CE;381;Domicílios particulares permanentes ocupados;2022;2022;72113;Fossa rudimentar ou buraco;1020;Unidades;2375
6;Município;2308302;Milagres - CE;381;Domicílios particulares permanentes ocupados;2022;2022;92858;Vala;1020;Unidades;292
6;Município;2308302;Milagres - CE;381;Domicílios particulares permanentes ocupados;2022;2022;72114;Rio, lago, córrego ou mar;1020;Unidades;68
6;Município;2308302;Milagres - CE;381;Domicílios particulares permanentes ocupados;2022;2022;72115;Outra forma;1020;Unidades;231
6;Município;2308302;Milagres - CE;381;Domicílios particulares permanentes ocupados;2022;2022;92861;Não tinham banheiro nem sanitário;1020;Unidades;37
6;Município;2308351;Milhã - CE;381;Domicílios particulares permanentes ocupados;2022;2022;46292;Total;1020;Unidades;4660
6;Município;2308351;Milhã - CE;381;Domicílios particulares permanentes ocupados;2022;2022;72110;Rede geral ou pluvial;1020;Unidades;950
6;Município;2308351;Milhã - CE;381;Domicílios particulares permanentes ocupados;2022;2022;72111;Fossa séptica ou fossa filtro ligada à rede;1020;Unidades;140
6;Município;2308351;Milhã - CE;381;Domicílios particulares permanentes ocupados;2022;2022;72112;Fossa séptica ou fossa filtro não ligada à rede;1020;Unidades;993
6;Município;2308351;Milhã - CE;381;Domicílios particulares permanentes ocupados;2022;2022;72113;Fossa rudimentar ou buraco;1020;Unidades;2239
6;Município;2308351;Milhã - CE;381;Domicílios particulares permanentes ocupados;2022;2022;92858;Vala;1020;Unidades;129
6;Município;2308351;Milhã - CE;381;Domicílios particulares permanentes ocupados;2022;2022;72114;Rio, lago, córrego ou mar;1020;Unidades;99
6;Município;2308351;Milhã - CE;381;Domicílios particulares permanentes ocupados;2022;2022;72115;Outra forma;1020;Unidades;92
6;Município;2308351;Milhã - CE;381;Domicílios particulares permanentes ocupados;2022;2022;92861;Não tinham banheiro nem sanitário;1020;Unidades;18
6;Município;2308377;Miraíma - CE;381;Domicílios particulares permanentes ocupados;2022;2022;46292;Total;1020;Unidades;4259
6;Município;2308377;Miraíma - CE;381;Domicílios particulares permanentes ocupados;2022;2022;72110;Rede geral ou pluvial;1020;Unidades;131
6;Município;2308377;Miraíma - CE;381;Domicílios particulares permanentes ocupados;2022;2022;72111;Fossa séptica ou fossa filtro ligada à rede;1020;Unidades;25
6;Município;2308377;Miraíma - CE;381;Domicílios particulares permanentes ocupados;2022;2022;72112;Fossa séptica ou fossa filtro não ligada à rede;1020;Unidades;974
6;Município;2308377;Miraíma - CE;381;Domicílios particulares permanentes ocupados;2022;2022;72113;Fossa rudimentar ou buraco;1020;Unidades;2739
6;Município;2308377;Miraíma - CE;381;Domicílios particulares permanentes ocupados;2022;2022;92858;Vala;1020;Unidades;39
6;Município;2308377;Miraíma - CE;381;Domicílios particulares permanentes ocupados;2022;2022;72114;Rio, lago, córrego ou mar;1020;Unidades;47
6;Município;2308377;Miraíma - CE;381;Domicílios particulares permanentes ocupados;2022;2022;72115;Outra forma;1020;Unidades;123
6;Município;2308377;Miraíma - CE;381;Domicílios particulares permanentes ocupados;2022;2022;92861;Não tinham banheiro nem sanitário;1020;Unidades;181
6;Município;2308401;Missão Velha - CE;381;Domicílios particulares permanentes ocupados;2022;2022;46292;Total;1020;Unidades;11841
6;Município;2308401;Missão Velha - CE;381;Domicílios particulares permanentes ocupados;2022;2022;72110;Rede geral ou pluvial;1020;Unidades;726
6;Município;2308401;Missão Velha - CE;381;Domicílios particulares permanentes ocupados;2022;2022;72111;Fossa séptica ou fossa filtro ligada à rede;1020;Unidades;185
6;Município;2308401;Missão Velha - CE;381;Domicílios particulares permanentes ocupados;2022;2022;72112;Fossa séptica ou fossa filtro não ligada à rede;1020;Unidades;2420
6;Município;2308401;Missão Velha - CE;381;Domicílios particulares permanentes ocupados;2022;2022;72113;Fossa rudimentar ou buraco;1020;Unidades;6974
6;Município;2308401;Missão Velha - CE;381;Domicílios particulares permanentes ocupados;2022;2022;92858;Vala;1020;Unidades;600
6;Município;2308401;Missão Velha - CE;381;Domicílios particulares permanentes ocupados;2022;2022;72114;Rio, lago, córrego ou mar;1020;Unidades;18
6;Município;2308401;Missão Velha - CE;381;Domicílios particulares permanentes ocupados;2022;2022;72115;Outra forma;1020;Unidades;753
6;Município;2308401;Missão Velha - CE;381;Domicílios particulares permanentes ocupados;2022;2022;92861;Não tinham banheiro nem sanitário;1020;Unidades;165
6;Município;2308500;Mombaça - CE;381;Domicílios particulares permanentes ocupados;2022;2022;46292;Total;1020;Unidades;13653
6;Município;2308500;Mombaça - CE;381;Domicílios particulares permanentes ocupados;2022;2022;72110;Rede geral ou pluvial;1020;Unidades;4616
6;Município;2308500;Mombaça - CE;381;Domicílios particulares permanentes ocupados;2022;2022;72111;Fossa séptica ou fossa filtro ligada à rede;1020;Unidades;536
6;Município;2308500;Mombaça - CE;381;Domicílios particulares permanentes ocupados;2022;2022;72112;Fossa séptica ou fossa filtro não ligada à rede;1020;Unidades;2926
6;Município;2308500;Mombaça - CE;381;Domicílios particulares permanentes ocupados;2022;2022;72113;Fossa rudimentar ou buraco;1020;Unidades;4152
6;Município;2308500;Mombaça - CE;381;Domicílios particulares permanentes ocupados;2022;2022;92858;Vala;1020;Unidades;430
6;Município;2308500;Mombaça - CE;381;Domicílios particulares permanentes ocupados;2022;2022;72114;Rio, lago, córrego ou mar;1020;Unidades;203
6;Município;2308500;Mombaça - CE;381;Domicílios particulares permanentes ocupados;2022;2022;72115;Outra forma;1020;Unidades;438
6;Município;2308500;Mombaça - CE;381;Domicílios particulares permanentes ocupados;2022;2022;92861;Não tinham banheiro nem sanitário;1020;Unidades;352
6;Município;2308609;Monsenhor Tabosa - CE;381;Domicílios particulares permanentes ocupados;2022;2022;46292;Total;1020;Unidades;5827
6;Município;2308609;Monsenhor Tabosa - CE;381;Domicílios particulares permanentes ocupados;2022;2022;72110;Rede geral ou pluvial;1020;Unidades;590
6;Município;2308609;Monsenhor Tabosa - CE;381;Domicílios particulares permanentes ocupados;2022;2022;72111;Fossa séptica ou fossa filtro ligada à rede;1020;Unidades;194
6;Município;2308609;Monsenhor Tabosa - CE;381;Domicílios particulares permanentes ocupados;2022;2022;72112;Fossa séptica ou fossa filtro não ligada à rede;1020;Unidades;2810
6;Município;2308609;Monsenhor Tabosa - CE;381;Domicílios particulares permanentes ocupados;2022;2022;72113;Fossa rudimentar ou buraco;1020;Unidades;1637
6;Município;2308609;Monsenhor Tabosa - CE;381;Domicílios particulares permanentes ocupados;2022;2022;92858;Vala;1020;Unidades;186
6;Município;2308609;Monsenhor Tabosa - CE;381;Domicílios particulares permanentes ocupados;2022;2022;72114;Rio, lago, córrego ou mar;1020;Unidades;39
6;Município;2308609;Monsenhor Tabosa - CE;381;Domicílios particulares permanentes ocupados;2022;2022;72115;Outra forma;1020;Unidades;252
6;Município;2308609;Monsenhor Tabosa - CE;381;Domicílios particulares permanentes ocupados;2022;2022;92861;Não tinham banheiro nem sanitário;1020;Unidades;119
6;Município;2308708;Morada Nova - CE;381;Domicílios particulares permanentes ocupados;2022;2022;46292;Total;1020;Unidades;22663
6;Município;2308708;Morada Nova - CE;381;Domicílios particulares permanentes ocupados;2022;2022;72110;Rede geral ou pluvial;1020;Unidades;3481
6;Município;2308708;Morada Nova - CE;381;Domicílios particulares permanentes ocupados;2022;2022;72111;Fossa séptica ou fossa filtro ligada à rede;1020;Unidades;506
6;Município;2308708;Morada Nova - CE;381;Domicílios particulares permanentes ocupados;2022;2022;72112;Fossa séptica ou fossa filtro não ligada à rede;1020;Unidades;2383
6;Município;2308708;Morada Nova - CE;381;Domicílios particulares permanentes ocupados;2022;2022;72113;Fossa rudimentar ou buraco;1020;Unidades;14029
6;Município;2308708;Morada Nova - CE;381;Domicílios particulares permanentes ocupados;2022;2022;92858;Vala;1020;Unidades;971
6;Município;2308708;Morada Nova - CE;381;Domicílios particulares permanentes ocupados;2022;2022;72114;Rio, lago, córrego ou mar;1020;Unidades;199
6;Município;2308708;Morada Nova - CE;381;Domicílios particulares permanentes ocupados;2022;2022;72115;Outra forma;1020;Unidades;830
6;Município;2308708;Morada Nova - CE;381;Domicílios particulares permanentes ocupados;2022;2022;92861;Não tinham banheiro nem sanitário;1020;Unidades;264
6;Município;2308807;Moraújo - CE;381;Domicílios particulares permanentes ocupados;2022;2022;46292;Total;1020;Unidades;2710
6;Município;2308807;Moraújo - CE;381;Domicílios particulares permanentes ocupados;2022;2022;72110;Rede geral ou pluvial;1020;Unidades;410
6;Município;2308807;Moraújo - CE;381;Domicílios particulares permanentes ocupados;2022;2022;72111;Fossa séptica ou fossa filtro ligada à rede;1020;Unidades;137
6;Município;2308807;Moraújo - CE;381;Domicílios particulares permanentes ocupados;2022;2022;72112;Fossa séptica ou fossa filtro não ligada à rede;1020;Unidades;730
6;Município;2308807;Moraújo - CE;381;Domicílios particulares permanentes ocupados;2022;2022;72113;Fossa rudimentar ou buraco;1020;Unidades;1102
6;Município;2308807;Moraújo - CE;381;Domicílios particulares permanentes ocupados;2022;2022;92858;Vala;1020;Unidades;9
6;Município;2308807;Moraújo - CE;381;Domicílios particulares permanentes ocupados;2022;2022;72114;Rio, lago, córrego ou mar;1020;Unidades;-
6;Município;2308807;Moraújo - CE;381;Domicílios particulares permanentes ocupados;2022;2022;72115;Outra forma;1020;Unidades;96
6;Município;2308807;Moraújo - CE;381;Domicílios particulares permanentes ocupados;2022;2022;92861;Não tinham banheiro nem sanitário;1020;Unidades;226
6;Município;2308906;Morrinhos - CE;381;Domicílios particulares permanentes ocupados;2022;2022;46292;Total;1020;Unidades;7285
6;Município;2308906;Morrinhos - CE;381;Domicílios particulares permanentes ocupados;2022;2022;72110;Rede geral ou pluvial;1020;Unidades;1610
6;Município;2308906;Morrinhos - CE;381;Domicílios particulares permanentes ocupados;2022;2022;72111;Fossa séptica ou fossa filtro ligada à rede;1020;Unidades;165
6;Município;2308906;Morrinhos - CE;381;Domicílios particulares permanentes ocupados;2022;2022;72112;Fossa séptica ou fossa filtro não ligada à rede;1020;Unidades;555
6;Município;2308906;Morrinhos - CE;381;Domicílios particulares permanentes ocupados;2022;2022;72113;Fossa rudimentar ou buraco;1020;Unidades;3930
6;Município;2308906;Morrinhos - CE;381;Domicílios particulares permanentes ocupados;2022;2022;92858;Vala;1020;Unidades;468
6;Município;2308906;Morrinhos - CE;381;Domicílios particulares permanentes ocupados;2022;2022;72114;Rio, lago, córrego ou mar;1020;Unidades;32
6;Município;2308906;Morrinhos - CE;381;Domicílios particulares permanentes ocupados;2022;2022;72115;Outra forma;1020;Unidades;336
6;Município;2308906;Morrinhos - CE;381;Domicílios particulares permanentes ocupados;2022;2022;92861;Não tinham banheiro nem sanitário;1020;Unidades;189
6;Município;2309003;Mucambo - CE;381;Domicílios particulares permanentes ocupados;2022;2022;46292;Total;1020;Unidades;4994
6;Município;2309003;Mucambo - CE;381;Domicílios particulares permanentes ocupados;2022;2022;72110;Rede geral ou pluvial;1020;Unidades;970
6;Município;2309003;Mucambo - CE;381;Domicílios particulares permanentes ocupados;2022;2022;72111;Fossa séptica ou fossa filtro ligada à rede;1020;Unidades;167
6;Município;2309003;Mucambo - CE;381;Domicílios particulares permanentes ocupados;2022;2022;72112;Fossa séptica ou fossa filtro não ligada à rede;1020;Unidades;857
6;Município;2309003;Mucambo - CE;381;Domicílios particulares permanentes ocupados;2022;2022;72113;Fossa rudimentar ou buraco;1020;Unidades;2854
6;Município;2309003;Mucambo - CE;381;Domicílios particulares permanentes ocupados;2022;2022;92858;Vala;1020;Unidades;22
6;Município;2309003;Mucambo - CE;381;Domicílios particulares permanentes ocupados;2022;2022;72114;Rio, lago, córrego ou mar;1020;Unidades;2
6;Município;2309003;Mucambo - CE;381;Domicílios particulares permanentes ocupados;2022;2022;72115;Outra forma;1020;Unidades;29
6;Município;2309003;Mucambo - CE;381;Domicílios particulares permanentes ocupados;2022;2022;92861;Não tinham banheiro nem sanitário;1020;Unidades;93
6;Município;2309102;Mulungu - CE;381;Domicílios particulares permanentes ocupados;2022;2022;46292;Total;1020;Unidades;3332
6;Município;2309102;Mulungu - CE;381;Domicílios particulares permanentes ocupados;2022;2022;72110;Rede geral ou pluvial;1020;Unidades;895
6;Município;2309102;Mulungu - CE;381;Domicílios particulares permanentes ocupados;2022;2022;72111;Fossa séptica ou fossa filtro ligada à rede;1020;Unidades;92
6;Município;2309102;Mulungu - CE;381;Domicílios particulares permanentes ocupados;2022;2022;72112;Fossa séptica ou fossa filtro não ligada à rede;1020;Unidades;1024
6;Município;2309102;Mulungu - CE;381;Domicílios particulares permanentes ocupados;2022;2022;72113;Fossa rudimentar ou buraco;1020;Unidades;1133
6;Município;2309102;Mulungu - CE;381;Domicílios particulares permanentes ocupados;2022;2022;92858;Vala;1020;Unidades;56
6;Município;2309102;Mulungu - CE;381;Domicílios particulares permanentes ocupados;2022;2022;72114;Rio, lago, córrego ou mar;1020;Unidades;76
6;Município;2309102;Mulungu - CE;381;Domicílios particulares permanentes ocupados;2022;2022;72115;Outra forma;1020;Unidades;38
6;Município;2309102;Mulungu - CE;381;Domicílios particulares permanentes ocupados;2022;2022;92861;Não tinham banheiro nem sanitário;1020;Unidades;18
6;Município;2309201;Nova Olinda - CE;381;Domicílios particulares permanentes ocupados;2022;2022;46292;Total;1020;Unidades;5178
6;Município;2309201;Nova Olinda - CE;381;Domicílios particulares permanentes ocupados;2022;2022;72110;Rede geral ou pluvial;1020;Unidades;2256
6;Município;2309201;Nova Olinda - CE;381;Domicílios particulares permanentes ocupados;2022;2022;72111;Fossa séptica ou fossa filtro ligada à rede;1020;Unidades;53
6;Município;2309201;Nova Olinda - CE;381;Domicílios particulares permanentes ocupados;2022;2022;72112;Fossa séptica ou fossa filtro não ligada à rede;1020;Unidades;1155
6;Município;2309201;Nova Olinda - CE;381;Domicílios particulares permanentes ocupados;2022;2022;72113;Fossa rudimentar ou buraco;1020;Unidades;1493
6;Município;2309201;Nova Olinda - CE;381;Domicílios particulares permanentes ocupados;2022;2022;92858;Vala;1020;Unidades;66
6;Município;2309201;Nova Olinda - CE;381;Domicílios particulares permanentes ocupados;2022;2022;72114;Rio, lago, córrego ou mar;1020;Unidades;27
6;Município;2309201;Nova Olinda - CE;381;Domicílios particulares permanentes ocupados;2022;2022;72115;Outra forma;1020;Unidades;61
6;Município;2309201;Nova Olinda - CE;381;Domicílios particulares permanentes ocupados;2022;2022;92861;Não tinham banheiro nem sanitário;1020;Unidades;67
6;Município;2309300;Nova Russas - CE;381;Domicílios particulares permanentes ocupados;2022;2022;46292;Total;1020;Unidades;10843
6;Município;2309300;Nova Russas - CE;381;Domicílios particulares permanentes ocupados;2022;2022;72110;Rede geral ou pluvial;1020;Unidades;3374
6;Município;2309300;Nova Russas - CE;381;Domicílios particulares permanentes ocupados;2022;2022;72111;Fossa séptica ou fossa filtro ligada à rede;1020;Unidades;192
6;Município;2309300;Nova Russas - CE;381;Domicílios particulares permanentes ocupados;2022;2022;72112;Fossa séptica ou fossa filtro não ligada à rede;1020;Unidades;2087
6;Município;2309300;Nova Russas - CE;381;Domicílios particulares permanentes ocupados;2022;2022;72113;Fossa rudimentar ou buraco;1020;Unidades;4310
6;Município;2309300;Nova Russas - CE;381;Domicílios particulares permanentes ocupados;2022;2022;92858;Vala;1020;Unidades;488
6;Município;2309300;Nova Russas - CE;381;Domicílios particulares permanentes ocupados;2022;2022;72114;Rio, lago, córrego ou mar;1020;Unidades;44
6;Município;2309300;Nova Russas - CE;381;Domicílios particulares permanentes ocupados;2022;2022;72115;Outra forma;1020;Unidades;246
6;Município;2309300;Nova Russas - CE;381;Domicílios particulares permanentes ocupados;2022;2022;92861;Não tinham banheiro nem sanitário;1020;Unidades;102
6;Município;2309409;Novo Oriente - CE;381;Domicílios particulares permanentes ocupados;2022;2022;46292;Total;1020;Unidades;9816
6;Município;2309409;Novo Oriente - CE;381;Domicílios particulares permanentes ocupados;2022;2022;72110;Rede geral ou pluvial;1020;Unidades;2483
6;Município;2309409;Novo Oriente - CE;381;Domicílios particulares permanentes ocupados;2022;2022;72111;Fossa séptica ou fossa filtro ligada à rede;1020;Unidades;319
6;Município;2309409;Novo Oriente - CE;381;Domicílios particulares permanentes ocupados;2022;2022;72112;Fossa séptica ou fossa filtro não ligada à rede;1020;Unidades;2019
6;Município;2309409;Novo Oriente - CE;381;Domicílios particulares permanentes ocupados;2022;2022;72113;Fossa rudimentar ou buraco;1020;Unidades;4243
6;Município;2309409;Novo Oriente - CE;381;Domicílios particulares permanentes ocupados;2022;2022;92858;Vala;1020;Unidades;134
6;Município;2309409;Novo Oriente - CE;381;Domicílios particulares permanentes ocupados;2022;2022;72114;Rio, lago, córrego ou mar;1020;Unidades;90
6;Município;2309409;Novo Oriente - CE;381;Domicílios particulares permanentes ocupados;2022;2022;72115;Outra forma;1020;Unidades;272
6;Município;2309409;Novo Oriente - CE;381;Domicílios particulares permanentes ocupados;2022;2022;92861;Não tinham banheiro nem sanitário;1020;Unidades;256
6;Município;2309458;Ocara - CE;381;Domicílios particulares permanentes ocupados;2022;2022;46292;Total;1020;Unidades;8790
6;Município;2309458;Ocara - CE;381;Domicílios particulares permanentes ocupados;2022;2022;72110;Rede geral ou pluvial;1020;Unidades;480
6;Município;2309458;Ocara - CE;381;Domicílios particulares permanentes ocupados;2022;2022;72111;Fossa séptica ou fossa filtro ligada à rede;1020;Unidades;14
6;Município;2309458;Ocara - CE;381;Domicílios particulares permanentes ocupados;2022;2022;72112;Fossa séptica ou fossa filtro não ligada à rede;1020;Unidades;156
6;Município;2309458;Ocara - CE;381;Domicílios particulares permanentes ocupados;2022;2022;72113;Fossa rudimentar ou buraco;1020;Unidades;8004
6;Município;2309458;Ocara - CE;381;Domicílios particulares permanentes ocupados;2022;2022;92858;Vala;1020;Unidades;73
6;Município;2309458;Ocara - CE;381;Domicílios particulares permanentes ocupados;2022;2022;72114;Rio, lago, córrego ou mar;1020;Unidades;3
6;Município;2309458;Ocara - CE;381;Domicílios particulares permanentes ocupados;2022;2022;72115;Outra forma;1020;Unidades;40
6;Município;2309458;Ocara - CE;381;Domicílios particulares permanentes ocupados;2022;2022;92861;Não tinham banheiro nem sanitário;1020;Unidades;20
6;Município;2309508;Orós - CE;381;Domicílios particulares permanentes ocupados;2022;2022;46292;Total;1020;Unidades;7171
6;Município;2309508;Orós - CE;381;Domicílios particulares permanentes ocupados;2022;2022;72110;Rede geral ou pluvial;1020;Unidades;3033
6;Município;2309508;Orós - CE;381;Domicílios particulares permanentes ocupados;2022;2022;72111;Fossa séptica ou fossa filtro ligada à rede;1020;Unidades;37
6;Município;2309508;Orós - CE;381;Domicílios particulares permanentes ocupados;2022;2022;72112;Fossa séptica ou fossa filtro não ligada à rede;1020;Unidades;494
6;Município;2309508;Orós - CE;381;Domicílios particulares permanentes ocupados;2022;2022;72113;Fossa rudimentar ou buraco;1020;Unidades;2702
6;Município;2309508;Orós - CE;381;Domicílios particulares permanentes ocupados;2022;2022;92858;Vala;1020;Unidades;91
6;Município;2309508;Orós - CE;381;Domicílios particulares permanentes ocupados;2022;2022;72114;Rio, lago, córrego ou mar;1020;Unidades;740
6;Município;2309508;Orós - CE;381;Domicílios particulares permanentes ocupados;2022;2022;72115;Outra forma;1020;Unidades;44
6;Município;2309508;Orós - CE;381;Domicílios particulares permanentes ocupados;2022;2022;92861;Não tinham banheiro nem sanitário;1020;Unidades;30
6;Município;2309607;Pacajus - CE;381;Domicílios particulares permanentes ocupados;2022;2022;46292;Total;1020;Unidades;24053
6;Município;2309607;Pacajus - CE;381;Domicílios particulares permanentes ocupados;2022;2022;72110;Rede geral ou pluvial;1020;Unidades;1248
6;Município;2309607;Pacajus - CE;381;Domicílios particulares permanentes ocupados;2022;2022;72111;Fossa séptica ou fossa filtro ligada à rede;1020;Unidades;62
6;Município;2309607;Pacajus - CE;381;Domicílios particulares permanentes ocupados;2022;2022;72112;Fossa séptica ou fossa filtro não ligada à rede;1020;Unidades;4411
6;Município;2309607;Pacajus - CE;381;Domicílios particulares permanentes ocupados;2022;2022;72113;Fossa rudimentar ou buraco;1020;Unidades;18136
6;Município;2309607;Pacajus - CE;381;Domicílios particulares permanentes ocupados;2022;2022;92858;Vala;1020;Unidades;84
6;Município;2309607;Pacajus - CE;381;Domicílios particulares permanentes ocupados;2022;2022;72114;Rio, lago, córrego ou mar;1020;Unidades;21
6;Município;2309607;Pacajus - CE;381;Domicílios particulares permanentes ocupados;2022;2022;72115;Outra forma;1020;Unidades;54
6;Município;2309607;Pacajus - CE;381;Domicílios particulares permanentes ocupados;2022;2022;92861;Não tinham banheiro nem sanitário;1020;Unidades;37
6;Município;2309706;Pacatuba - CE;381;Domicílios particulares permanentes ocupados;2022;2022;46292;Total;1020;Unidades;27103
6;Município;2309706;Pacatuba - CE;381;Domicílios particulares permanentes ocupados;2022;2022;72110;Rede geral ou pluvial;1020;Unidades;15938
6;Município;2309706;Pacatuba - CE;381;Domicílios particulares permanentes ocupados;2022;2022;72111;Fossa séptica ou fossa filtro ligada à rede;1020;Unidades;970
6;Município;2309706;Pacatuba - CE;381;Domicílios particulares permanentes ocupados;2022;2022;72112;Fossa séptica ou fossa filtro não ligada à rede;1020;Unidades;3750
6;Município;2309706;Pacatuba - CE;381;Domicílios particulares permanentes ocupados;2022;2022;72113;Fossa rudimentar ou buraco;1020;Unidades;6040
6;Município;2309706;Pacatuba - CE;381;Domicílios particulares permanentes ocupados;2022;2022;92858;Vala;1020;Unidades;108
6;Município;2309706;Pacatuba - CE;381;Domicílios particulares permanentes ocupados;2022;2022;72114;Rio, lago, córrego ou mar;1020;Unidades;192
6;Município;2309706;Pacatuba - CE;381;Domicílios particulares permanentes ocupados;2022;2022;72115;Outra forma;1020;Unidades;85
6;Município;2309706;Pacatuba - CE;381;Domicílios particulares permanentes ocupados;2022;2022;92861;Não tinham banheiro nem sanitário;1020;Unidades;20
6;Município;2309805;Pacoti - CE;381;Domicílios particulares permanentes ocupados;2022;2022;46292;Total;1020;Unidades;3663
6;Município;2309805;Pacoti - CE;381;Domicílios particulares permanentes ocupados;2022;2022;72110;Rede geral ou pluvial;1020;Unidades;970
6;Município;2309805;Pacoti - CE;381;Domicílios particulares permanentes ocupados;2022;2022;72111;Fossa séptica ou fossa filtro ligada à rede;1020;Unidades;32
6;Município;2309805;Pacoti - CE;381;Domicílios particulares permanentes ocupados;2022;2022;72112;Fossa séptica ou fossa filtro não ligada à rede;1020;Unidades;636
6;Município;2309805;Pacoti - CE;381;Domicílios particulares permanentes ocupados;2022;2022;72113;Fossa rudimentar ou buraco;1020;Unidades;1941
6;Município;2309805;Pacoti - CE;381;Domicílios particulares permanentes ocupados;2022;2022;92858;Vala;1020;Unidades;21
6;Município;2309805;Pacoti - CE;381;Domicílios particulares permanentes ocupados;2022;2022;72114;Rio, lago, córrego ou mar;1020;Unidades;41
6;Município;2309805;Pacoti - CE;381;Domicílios particulares permanentes ocupados;2022;2022;72115;Outra forma;1020;Unidades;18
6;Município;2309805;Pacoti - CE;381;Domicílios particulares permanentes ocupados;2022;2022;92861;Não tinham banheiro nem sanitário;1020;Unidades;4
6;Município;2309904;Pacujá - CE;381;Domicílios particulares permanentes ocupados;2022;2022;46292;Total;1020;Unidades;2199
6;Município;2309904;Pacujá - CE;381;Domicílios particulares permanentes ocupados;2022;2022;72110;Rede geral ou pluvial;1020;Unidades;761
6;Município;2309904;Pacujá - CE;381;Domicílios particulares permanentes ocupados;2022;2022;72111;Fossa séptica ou fossa filtro ligada à rede;1020;Unidades;15
6;Município;2309904;Pacujá - CE;381;Domicílios particulares permanentes ocupados;2022;2022;72112;Fossa séptica ou fossa filtro não ligada à rede;1020;Unidades;40
6;Município;2309904;Pacujá - CE;381;Domicílios particulares permanentes ocupados;2022;2022;72113;Fossa rudimentar ou buraco;1020;Unidades;1289
6;Município;2309904;Pacujá - CE;381;Domicílios particulares permanentes ocupados;2022;2022;92858;Vala;1020;Unidades;19
6;Município;2309904;Pacujá - CE;381;Domicílios particulares permanentes ocupados;2022;2022;72114;Rio, lago, córrego ou mar;1020;Unidades;6
6;Município;2309904;Pacujá - CE;381;Domicílios particulares permanentes ocupados;2022;2022;72115;Outra forma;1020;Unidades;17
6;Município;2309904;Pacujá - CE;381;Domicílios particulares permanentes ocupados;2022;2022;92861;Não tinham banheiro nem sanitário;1020;Unidades;52
6;Município;2310001;Palhano - CE;381;Domicílios particulares permanentes ocupados;2022;2022;46292;Total;1020;Unidades;3256
6;Município;2310001;Palhano - CE;381;Domicílios particulares permanentes ocupados;2022;2022;72110;Rede geral ou pluvial;1020;Unidades;146
6;Município;2310001;Palhano - CE;381;Domicílios particulares permanentes ocupados;2022;2022;72111;Fossa séptica ou fossa filtro ligada à rede;1020;Unidades;131
6;Município;2310001;Palhano - CE;381;Domicílios particulares permanentes ocupados;2022;2022;72112;Fossa séptica ou fossa filtro não ligada à rede;1020;Unidades;1228
6;Município;2310001;Palhano - CE;381;Domicílios particulares permanentes ocupados;2022;2022;72113;Fossa rudimentar ou buraco;1020;Unidades;1523
6;Município;2310001;Palhano - CE;381;Domicílios particulares permanentes ocupados;2022;2022;92858;Vala;1020;Unidades;26
6;Município;2310001;Palhano - CE;381;Domicílios particulares permanentes ocupados;2022;2022;72114;Rio, lago, córrego ou mar;1020;Unidades;2
6;Município;2310001;Palhano - CE;381;Domicílios particulares permanentes ocupados;2022;2022;72115;Outra forma;1020;Unidades;183
6;Município;2310001;Palhano - CE;381;Domicílios particulares permanentes ocupados;2022;2022;92861;Não tinham banheiro nem sanitário;1020;Unidades;17
6;Município;2310100;Palmácia - CE;381;Domicílios particulares permanentes ocupados;2022;2022;46292;Total;1020;Unidades;3378
6;Município;2310100;Palmácia - CE;381;Domicílios particulares permanentes ocupados;2022;2022;72110;Rede geral ou pluvial;1020;Unidades;478
6;Município;2310100;Palmácia - CE;381;Domicílios particulares permanentes ocupados;2022;2022;72111;Fossa séptica ou fossa filtro ligada à rede;1020;Unidades;24
6;Município;2310100;Palmácia - CE;381;Domicílios particulares permanentes ocupados;2022;2022;72112;Fossa séptica ou fossa filtro não ligada à rede;1020;Unidades;554
6;Município;2310100;Palmácia - CE;381;Domicílios particulares permanentes ocupados;2022;2022;72113;Fossa rudimentar ou buraco;1020;Unidades;2088
6;Município;2310100;Palmácia - CE;381;Domicílios particulares permanentes ocupados;2022;2022;92858;Vala;1020;Unidades;103
6;Município;2310100;Palmácia - CE;381;Domicílios particulares permanentes ocupados;2022;2022;72114;Rio, lago, córrego ou mar;1020;Unidades;38
6;Município;2310100;Palmácia - CE;381;Domicílios particulares permanentes ocupados;2022;2022;72115;Outra forma;1020;Unidades;69
6;Município;2310100;Palmácia - CE;381;Domicílios particulares permanentes ocupados;2022;2022;92861;Não tinham banheiro nem sanitário;1020;Unidades;24
6;Município;2310209;Paracuru - CE;381;Domicílios particulares permanentes ocupados;2022;2022;46292;Total;1020;Unidades;12982
6;Município;2310209;Paracuru - CE;381;Domicílios particulares permanentes ocupados;2022;2022;72110;Rede geral ou pluvial;1020;Unidades;1533
6;Município;2310209;Paracuru - CE;381;Domicílios particulares permanentes ocupados;2022;2022;72111;Fossa séptica ou fossa filtro ligada à rede;1020;Unidades;96
6;Município;2310209;Paracuru - CE;381;Domicílios particulares permanentes ocupados;2022;2022;72112;Fossa séptica ou fossa filtro não ligada à rede;1020;Unidades;3163
6;Município;2310209;Paracuru - CE;381;Domicílios particulares permanentes ocupados;2022;2022;72113;Fossa rudimentar ou buraco;1020;Unidades;7801
6;Município;2310209;Paracuru - CE;381;Domicílios particulares permanentes ocupados;2022;2022;92858;Vala;1020;Unidades;119
6;Município;2310209;Paracuru - CE;381;Domicílios particulares permanentes ocupados;2022;2022;72114;Rio, lago, córrego ou mar;1020;Unidades;5
6;Município;2310209;Paracuru - CE;381;Domicílios particulares permanentes ocupados;2022;2022;72115;Outra forma;1020;Unidades;208
6;Município;2310209;Paracuru - CE;381;Domicílios particulares permanentes ocupados;2022;2022;92861;Não tinham banheiro nem sanitário;1020;Unidades;57
6;Município;2310258;Paraipaba - CE;381;Domicílios particulares permanentes ocupados;2022;2022;46292;Total;1020;Unidades;10786
6;Município;2310258;Paraipaba - CE;381;Domicílios particulares permanentes ocupados;2022;2022;72110;Rede geral ou pluvial;1020;Unidades;2610
6;Município;2310258;Paraipaba - CE;381;Domicílios particulares permanentes ocupados;2022;2022;72111;Fossa séptica ou fossa filtro ligada à rede;1020;Unidades;46
6;Município;2310258;Paraipaba - CE;381;Domicílios particulares permanentes ocupados;2022;2022;72112;Fossa séptica ou fossa filtro não ligada à rede;1020;Unidades;2245
6;Município;2310258;Paraipaba - CE;381;Domicílios particulares permanentes ocupados;2022;2022;72113;Fossa rudimentar ou buraco;1020;Unidades;5708
6;Município;2310258;Paraipaba - CE;381;Domicílios particulares permanentes ocupados;2022;2022;92858;Vala;1020;Unidades;41
6;Município;2310258;Paraipaba - CE;381;Domicílios particulares permanentes ocupados;2022;2022;72114;Rio, lago, córrego ou mar;1020;Unidades;9
6;Município;2310258;Paraipaba - CE;381;Domicílios particulares permanentes ocupados;2022;2022;72115;Outra forma;1020;Unidades;42
6;Município;2310258;Paraipaba - CE;381;Domicílios particulares permanentes ocupados;2022;2022;92861;Não tinham banheiro nem sanitário;1020;Unidades;85
6;Município;2310308;Parambu - CE;381;Domicílios particulares permanentes ocupados;2022;2022;46292;Total;1020;Unidades;11134
6;Município;2310308;Parambu - CE;381;Domicílios particulares permanentes ocupados;2022;2022;72110;Rede geral ou pluvial;1020;Unidades;2898
6;Município;2310308;Parambu - CE;381;Domicílios particulares permanentes ocupados;2022;2022;72111;Fossa séptica ou fossa filtro ligada à rede;1020;Unidades;499
6;Município;2310308;Parambu - CE;381;Domicílios particulares permanentes ocupados;2022;2022;72112;Fossa séptica ou fossa filtro não ligada à rede;1020;Unidades;3600
6;Município;2310308;Parambu - CE;381;Domicílios particulares permanentes ocupados;2022;2022;72113;Fossa rudimentar ou buraco;1020;Unidades;2978
6;Município;2310308;Parambu - CE;381;Domicílios particulares permanentes ocupados;2022;2022;92858;Vala;1020;Unidades;353
6;Município;2310308;Parambu - CE;381;Domicílios particulares permanentes ocupados;2022;2022;72114;Rio, lago, córrego ou mar;1020;Unidades;67
6;Município;2310308;Parambu - CE;381;Domicílios particulares permanentes ocupados;2022;2022;72115;Outra forma;1020;Unidades;285
6;Município;2310308;Parambu - CE;381;Domicílios particulares permanentes ocupados;2022;2022;92861;Não tinham banheiro nem sanitário;1020;Unidades;454
6;Município;2310407;Paramoti - CE;381;Domicílios particulares permanentes ocupados;2022;2022;46292;Total;1020;Unidades;3566
6;Município;2310407;Paramoti - CE;381;Domicílios particulares permanentes ocupados;2022;2022;72110;Rede geral ou pluvial;1020;Unidades;397
6;Município;2310407;Paramoti - CE;381;Domicílios particulares permanentes ocupados;2022;2022;72111;Fossa séptica ou fossa filtro ligada à rede;1020;Unidades;54
6;Município;2310407;Paramoti - CE;381;Domicílios particulares permanentes ocupados;2022;2022;72112;Fossa séptica ou fossa filtro não ligada à rede;1020;Unidades;162
6;Município;2310407;Paramoti - CE;381;Domicílios particulares permanentes ocupados;2022;2022;72113;Fossa rudimentar ou buraco;1020;Unidades;2731
6;Município;2310407;Paramoti - CE;381;Domicílios particulares permanentes ocupados;2022;2022;92858;Vala;1020;Unidades;51
6;Município;2310407;Paramoti - CE;381;Domicílios particulares permanentes ocupados;2022;2022;72114;Rio, lago, córrego ou mar;1020;Unidades;10
6;Município;2310407;Paramoti - CE;381;Domicílios particulares permanentes ocupados;2022;2022;72115;Outra forma;1020;Unidades;34
6;Município;2310407;Paramoti - CE;381;Domicílios particulares permanentes ocupados;2022;2022;92861;Não tinham banheiro nem sanitário;1020;Unidades;127
6;Município;2310506;Pedra Branca - CE;381;Domicílios particulares permanentes ocupados;2022;2022;46292;Total;1020;Unidades;14235
6;Município;2310506;Pedra Branca - CE;381;Domicílios particulares permanentes ocupados;2022;2022;72110;Rede geral ou pluvial;1020;Unidades;4749
6;Município;2310506;Pedra Branca - CE;381;Domicílios particulares permanentes ocupados;2022;2022;72111;Fossa séptica ou fossa filtro ligada à rede;1020;Unidades;470
6;Município;2310506;Pedra Branca - CE;381;Domicílios particulares permanentes ocupados;2022;2022;72112;Fossa séptica ou fossa filtro não ligada à rede;1020;Unidades;1381
6;Município;2310506;Pedra Branca - CE;381;Domicílios particulares permanentes ocupados;2022;2022;72113;Fossa rudimentar ou buraco;1020;Unidades;5957
6;Município;2310506;Pedra Branca - CE;381;Domicílios particulares permanentes ocupados;2022;2022;92858;Vala;1020;Unidades;560
6;Município;2310506;Pedra Branca - CE;381;Domicílios particulares permanentes ocupados;2022;2022;72114;Rio, lago, córrego ou mar;1020;Unidades;164
6;Município;2310506;Pedra Branca - CE;381;Domicílios particulares permanentes ocupados;2022;2022;72115;Outra forma;1020;Unidades;713
6;Município;2310506;Pedra Branca - CE;381;Domicílios particulares permanentes ocupados;2022;2022;92861;Não tinham banheiro nem sanitário;1020;Unidades;241
6;Município;2310605;Penaforte - CE;381;Domicílios particulares permanentes ocupados;2022;2022;46292;Total;1020;Unidades;2919
6;Município;2310605;Penaforte - CE;381;Domicílios particulares permanentes ocupados;2022;2022;72110;Rede geral ou pluvial;1020;Unidades;1826
6;Município;2310605;Penaforte - CE;381;Domicílios particulares permanentes ocupados;2022;2022;72111;Fossa séptica ou fossa filtro ligada à rede;1020;Unidades;23
6;Município;2310605;Penaforte - CE;381;Domicílios particulares permanentes ocupados;2022;2022;72112;Fossa séptica ou fossa filtro não ligada à rede;1020;Unidades;629
6;Município;2310605;Penaforte - CE;381;Domicílios particulares permanentes ocupados;2022;2022;72113;Fossa rudimentar ou buraco;1020;Unidades;226
6;Município;2310605;Penaforte - CE;381;Domicílios particulares permanentes ocupados;2022;2022;92858;Vala;1020;Unidades;107
6;Município;2310605;Penaforte - CE;381;Domicílios particulares permanentes ocupados;2022;2022;72114;Rio, lago, córrego ou mar;1020;Unidades;11
6;Município;2310605;Penaforte - CE;381;Domicílios particulares permanentes ocupados;2022;2022;72115;Outra forma;1020;Unidades;89
6;Município;2310605;Penaforte - CE;381;Domicílios particulares permanentes ocupados;2022;2022;92861;Não tinham banheiro nem sanitário;1020;Unidades;8
6;Município;2310704;Pentecoste - CE;381;Domicílios particulares permanentes ocupados;2022;2022;46292;Total;1020;Unidades;12719
6;Município;2310704;Pentecoste - CE;381;Domicílios particulares permanentes ocupados;2022;2022;72110;Rede geral ou pluvial;1020;Unidades;2896
6;Município;2310704;Pentecoste - CE;381;Domicílios particulares permanentes ocupados;2022;2022;72111;Fossa séptica ou fossa filtro ligada à rede;1020;Unidades;388
6;Município;2310704;Pentecoste - CE;381;Domicílios particulares permanentes ocupados;2022;2022;72112;Fossa séptica ou fossa filtro não ligada à rede;1020;Unidades;1483
6;Município;2310704;Pentecoste - CE;381;Domicílios particulares permanentes ocupados;2022;2022;72113;Fossa rudimentar ou buraco;1020;Unidades;7344
6;Município;2310704;Pentecoste - CE;381;Domicílios particulares permanentes ocupados;2022;2022;92858;Vala;1020;Unidades;193
6;Município;2310704;Pentecoste - CE;381;Domicílios particulares permanentes ocupados;2022;2022;72114;Rio, lago, córrego ou mar;1020;Unidades;100
6;Município;2310704;Pentecoste - CE;381;Domicílios particulares permanentes ocupados;2022;2022;72115;Outra forma;1020;Unidades;137
6;Município;2310704;Pentecoste - CE;381;Domicílios particulares permanentes ocupados;2022;2022;92861;Não tinham banheiro nem sanitário;1020;Unidades;178
6;Município;2310803;Pereiro - CE;381;Domicílios particulares permanentes ocupados;2022;2022;46292;Total;1020;Unidades;5281
6;Município;2310803;Pereiro - CE;381;Domicílios particulares permanentes ocupados;2022;2022;72110;Rede geral ou pluvial;1020;Unidades;411
6;Município;2310803;Pereiro - CE;381;Domicílios particulares permanentes ocupados;2022;2022;72111;Fossa séptica ou fossa filtro ligada à rede;1020;Unidades;39
6;Município;2310803;Pereiro - CE;381;Domicílios particulares permanentes ocupados;2022;2022;72112;Fossa séptica ou fossa filtro não ligada à rede;1020;Unidades;2153
6;Município;2310803;Pereiro - CE;381;Domicílios particulares permanentes ocupados;2022;2022;72113;Fossa rudimentar ou buraco;1020;Unidades;2411
6;Município;2310803;Pereiro - CE;381;Domicílios particulares permanentes ocupados;2022;2022;92858;Vala;1020;Unidades;204
6;Município;2310803;Pereiro - CE;381;Domicílios particulares permanentes ocupados;2022;2022;72114;Rio, lago, córrego ou mar;1020;Unidades;20
6;Município;2310803;Pereiro - CE;381;Domicílios particulares permanentes ocupados;2022;2022;72115;Outra forma;1020;Unidades;16
6;Município;2310803;Pereiro - CE;381;Domicílios particulares permanentes ocupados;2022;2022;92861;Não tinham banheiro nem sanitário;1020;Unidades;27
6;Município;2310852;Pindoretama - CE;381;Domicílios particulares permanentes ocupados;2022;2022;46292;Total;1020;Unidades;7999
6;Município;2310852;Pindoretama - CE;381;Domicílios particulares permanentes ocupados;2022;2022;72110;Rede geral ou pluvial;1020;Unidades;380
6;Município;2310852;Pindoretama - CE;381;Domicílios particulares permanentes ocupados;2022;2022;72111;Fossa séptica ou fossa filtro ligada à rede;1020;Unidades;50
6;Município;2310852;Pindoretama - CE;381;Domicílios particulares permanentes ocupados;2022;2022;72112;Fossa séptica ou fossa filtro não ligada à rede;1020;Unidades;2731
6;Município;2310852;Pindoretama - CE;381;Domicílios particulares permanentes ocupados;2022;2022;72113;Fossa rudimentar ou buraco;1020;Unidades;4670
6;Município;2310852;Pindoretama - CE;381;Domicílios particulares permanentes ocupados;2022;2022;92858;Vala;1020;Unidades;21
6;Município;2310852;Pindoretama - CE;381;Domicílios particulares permanentes ocupados;2022;2022;72114;Rio, lago, córrego ou mar;1020;Unidades;13
6;Município;2310852;Pindoretama - CE;381;Domicílios particulares permanentes ocupados;2022;2022;72115;Outra forma;1020;Unidades;59
6;Município;2310852;Pindoretama - CE;381;Domicílios particulares permanentes ocupados;2022;2022;92861;Não tinham banheiro nem sanitário;1020;Unidades;75
6;Município;2310902;Piquet Carneiro - CE;381;Domicílios particulares permanentes ocupados;2022;2022;46292;Total;1020;Unidades;5737
6;Município;2310902;Piquet Carneiro - CE;381;Domicílios particulares permanentes ocupados;2022;2022;72110;Rede geral ou pluvial;1020;Unidades;449
6;Município;2310902;Piquet Carneiro - CE;381;Domicílios particulares permanentes ocupados;2022;2022;72111;Fossa séptica ou fossa filtro ligada à rede;1020;Unidades;-
6;Município;2310902;Piquet Carneiro - CE;381;Domicílios particulares permanentes ocupados;2022;2022;72112;Fossa séptica ou fossa filtro não ligada à rede;1020;Unidades;7
6;Município;2310902;Piquet Carneiro - CE;381;Domicílios particulares permanentes ocupados;2022;2022;72113;Fossa rudimentar ou buraco;1020;Unidades;4893
6;Município;2310902;Piquet Carneiro - CE;381;Domicílios particulares permanentes ocupados;2022;2022;92858;Vala;1020;Unidades;207
6;Município;2310902;Piquet Carneiro - CE;381;Domicílios particulares permanentes ocupados;2022;2022;72114;Rio, lago, córrego ou mar;1020;Unidades;-
6;Município;2310902;Piquet Carneiro - CE;381;Domicílios particulares permanentes ocupados;2022;2022;72115;Outra forma;1020;Unidades;69
6;Município;2310902;Piquet Carneiro - CE;381;Domicílios particulares permanentes ocupados;2022;2022;92861;Não tinham banheiro nem sanitário;1020;Unidades;112
6;Município;2310951;Pires Ferreira - CE;381;Domicílios particulares permanentes ocupados;2022;2022;46292;Total;1020;Unidades;3261
6;Município;2310951;Pires Ferreira - CE;381;Domicílios particulares permanentes ocupados;2022;2022;72110;Rede geral ou pluvial;1020;Unidades;26
6;Município;2310951;Pires Ferreira - CE;381;Domicílios particulares permanentes ocupados;2022;2022;72111;Fossa séptica ou fossa filtro ligada à rede;1020;Unidades;16
6;Município;2310951;Pires Ferreira - CE;381;Domicílios particulares permanentes ocupados;2022;2022;72112;Fossa séptica ou fossa filtro não ligada à rede;1020;Unidades;454
6;Município;2310951;Pires Ferreira - CE;381;Domicílios particulares permanentes ocupados;2022;2022;72113;Fossa rudimentar ou buraco;1020;Unidades;2642
6;Município;2310951;Pires Ferreira - CE;381;Domicílios particulares permanentes ocupados;2022;2022;92858;Vala;1020;Unidades;53
6;Município;2310951;Pires Ferreira - CE;381;Domicílios particulares permanentes ocupados;2022;2022;72114;Rio, lago, córrego ou mar;1020;Unidades;3
6;Município;2310951;Pires Ferreira - CE;381;Domicílios particulares permanentes ocupados;2022;2022;72115;Outra forma;1020;Unidades;17
6;Município;2310951;Pires Ferreira - CE;381;Domicílios particulares permanentes ocupados;2022;2022;92861;Não tinham banheiro nem sanitário;1020;Unidades;50
6;Município;2311009;Poranga - CE;381;Domicílios particulares permanentes ocupados;2022;2022;46292;Total;1020;Unidades;4214
6;Município;2311009;Poranga - CE;381;Domicílios particulares permanentes ocupados;2022;2022;72110;Rede geral ou pluvial;1020;Unidades;969
6;Município;2311009;Poranga - CE;381;Domicílios particulares permanentes ocupados;2022;2022;72111;Fossa séptica ou fossa filtro ligada à rede;1020;Unidades;15
6;Município;2311009;Poranga - CE;381;Domicílios particulares permanentes ocupados;2022;2022;72112;Fossa séptica ou fossa filtro não ligada à rede;1020;Unidades;171
6;Município;2311009;Poranga - CE;381;Domicílios particulares permanentes ocupados;2022;2022;72113;Fossa rudimentar ou buraco;1020;Unidades;2878
6;Município;2311009;Poranga - CE;381;Domicílios particulares permanentes ocupados;2022;2022;92858;Vala;1020;Unidades;23
6;Município;2311009;Poranga - CE;381;Domicílios particulares permanentes ocupados;2022;2022;72114;Rio, lago, córrego ou mar;1020;Unidades;-
6;Município;2311009;Poranga - CE;381;Domicílios particulares permanentes ocupados;2022;2022;72115;Outra forma;1020;Unidades;101
6;Município;2311009;Poranga - CE;381;Domicílios particulares permanentes ocupados;2022;2022;92861;Não tinham banheiro nem sanitário;1020;Unidades;57
6;Município;2311108;Porteiras - CE;381;Domicílios particulares permanentes ocupados;2022;2022;46292;Total;1020;Unidades;5565
6;Município;2311108;Porteiras - CE;381;Domicílios particulares permanentes ocupados;2022;2022;72110;Rede geral ou pluvial;1020;Unidades;1270
6;Município;2311108;Porteiras - CE;381;Domicílios particulares permanentes ocupados;2022;2022;72111;Fossa séptica ou fossa filtro ligada à rede;1020;Unidades;58
6;Município;2311108;Porteiras - CE;381;Domicílios particulares permanentes ocupados;2022;2022;72112;Fossa séptica ou fossa filtro não ligada à rede;1020;Unidades;298
6;Município;2311108;Porteiras - CE;381;Domicílios particulares permanentes ocupados;2022;2022;72113;Fossa rudimentar ou buraco;1020;Unidades;3679
6;Município;2311108;Porteiras - CE;381;Domicílios particulares permanentes ocupados;2022;2022;92858;Vala;1020;Unidades;61
6;Município;2311108;Porteiras - CE;381;Domicílios particulares permanentes ocupados;2022;2022;72114;Rio, lago, córrego ou mar;1020;Unidades;90
6;Município;2311108;Porteiras - CE;381;Domicílios particulares permanentes ocupados;2022;2022;72115;Outra forma;1020;Unidades;62
6;Município;2311108;Porteiras - CE;381;Domicílios particulares permanentes ocupados;2022;2022;92861;Não tinham banheiro nem sanitário;1020;Unidades;47
6;Município;2311207;Potengi - CE;381;Domicílios particulares permanentes ocupados;2022;2022;46292;Total;1020;Unidades;3133
6;Município;2311207;Potengi - CE;381;Domicílios particulares permanentes ocupados;2022;2022;72110;Rede geral ou pluvial;1020;Unidades;183
6;Município;2311207;Potengi - CE;381;Domicílios particulares permanentes ocupados;2022;2022;72111;Fossa séptica ou fossa filtro ligada à rede;1020;Unidades;12
6;Município;2311207;Potengi - CE;381;Domicílios particulares permanentes ocupados;2022;2022;72112;Fossa séptica ou fossa filtro não ligada à rede;1020;Unidades;661
6;Município;2311207;Potengi - CE;381;Domicílios particulares permanentes ocupados;2022;2022;72113;Fossa rudimentar ou buraco;1020;Unidades;2165
6;Município;2311207;Potengi - CE;381;Domicílios particulares permanentes ocupados;2022;2022;92858;Vala;1020;Unidades;15
6;Município;2311207;Potengi - CE;381;Domicílios particulares permanentes ocupados;2022;2022;72114;Rio, lago, córrego ou mar;1020;Unidades;1
6;Município;2311207;Potengi - CE;381;Domicílios particulares permanentes ocupados;2022;2022;72115;Outra forma;1020;Unidades;25
6;Município;2311207;Potengi - CE;381;Domicílios particulares permanentes ocupados;2022;2022;92861;Não tinham banheiro nem sanitário;1020;Unidades;71
6;Município;2311231;Potiretama - CE;381;Domicílios particulares permanentes ocupados;2022;2022;46292;Total;1020;Unidades;2131
6;Município;2311231;Potiretama - CE;381;Domicílios particulares permanentes ocupados;2022;2022;72110;Rede geral ou pluvial;1020;Unidades;36
6;Município;2311231;Potiretama - CE;381;Domicílios particulares permanentes ocupados;2022;2022;72111;Fossa séptica ou fossa filtro ligada à rede;1020;Unidades;244
6;Município;2311231;Potiretama - CE;381;Domicílios particulares permanentes ocupados;2022;2022;72112;Fossa séptica ou fossa filtro não ligada à rede;1020;Unidades;1537
6;Município;2311231;Potiretama - CE;381;Domicílios particulares permanentes ocupados;2022;2022;72113;Fossa rudimentar ou buraco;1020;Unidades;94
6;Município;2311231;Potiretama - CE;381;Domicílios particulares permanentes ocupados;2022;2022;92858;Vala;1020;Unidades;27
6;Município;2311231;Potiretama - CE;381;Domicílios particulares permanentes ocupados;2022;2022;72114;Rio, lago, córrego ou mar;1020;Unidades;5
6;Município;2311231;Potiretama - CE;381;Domicílios particulares permanentes ocupados;2022;2022;72115;Outra forma;1020;Unidades;162
6;Município;2311231;Potiretama - CE;381;Domicílios particulares permanentes ocupados;2022;2022;92861;Não tinham banheiro nem sanitário;1020;Unidades;26
6;Município;2311264;Quiterianópolis - CE;381;Domicílios particulares permanentes ocupados;2022;2022;46292;Total;1020;Unidades;6944
6;Município;2311264;Quiterianópolis - CE;381;Domicílios particulares permanentes ocupados;2022;2022;72110;Rede geral ou pluvial;1020;Unidades;1122
6;Município;2311264;Quiterianópolis - CE;381;Domicílios particulares permanentes ocupados;2022;2022;72111;Fossa séptica ou fossa filtro ligada à rede;1020;Unidades;51
6;Município;2311264;Quiterianópolis - CE;381;Domicílios particulares permanentes ocupados;2022;2022;72112;Fossa séptica ou fossa filtro não ligada à rede;1020;Unidades;837
6;Município;2311264;Quiterianópolis - CE;381;Domicílios particulares permanentes ocupados;2022;2022;72113;Fossa rudimentar ou buraco;1020;Unidades;3862
6;Município;2311264;Quiterianópolis - CE;381;Domicílios particulares permanentes ocupados;2022;2022;92858;Vala;1020;Unidades;357
6;Município;2311264;Quiterianópolis - CE;381;Domicílios particulares permanentes ocupados;2022;2022;72114;Rio, lago, córrego ou mar;1020;Unidades;63
6;Município;2311264;Quiterianópolis - CE;381;Domicílios particulares permanentes ocupados;2022;2022;72115;Outra forma;1020;Unidades;220
6;Município;2311264;Quiterianópolis - CE;381;Domicílios particulares permanentes ocupados;2022;2022;92861;Não tinham banheiro nem sanitário;1020;Unidades;432
6;Município;2311306;Quixadá - CE;381;Domicílios particulares permanentes ocupados;2022;2022;46292;Total;1020;Unidades;28971
6;Município;2311306;Quixadá - CE;381;Domicílios particulares permanentes ocupados;2022;2022;72110;Rede geral ou pluvial;1020;Unidades;13807
6;Município;2311306;Quixadá - CE;381;Domicílios particulares permanentes ocupados;2022;2022;72111;Fossa séptica ou fossa filtro ligada à rede;1020;Unidades;243
6;Município;2311306;Quixadá - CE;381;Domicílios particulares permanentes ocupados;2022;2022;72112;Fossa séptica ou fossa filtro não ligada à rede;1020;Unidades;2103
6;Município;2311306;Quixadá - CE;381;Domicílios particulares permanentes ocupados;2022;2022;72113;Fossa rudimentar ou buraco;1020;Unidades;11278
6;Município;2311306;Quixadá - CE;381;Domicílios particulares permanentes ocupados;2022;2022;92858;Vala;1020;Unidades;366
6;Município;2311306;Quixadá - CE;381;Domicílios particulares permanentes ocupados;2022;2022;72114;Rio, lago, córrego ou mar;1020;Unidades;389
6;Município;2311306;Quixadá - CE;381;Domicílios particulares permanentes ocupados;2022;2022;72115;Outra forma;1020;Unidades;331
6;Município;2311306;Quixadá - CE;381;Domicílios particulares permanentes ocupados;2022;2022;92861;Não tinham banheiro nem sanitário;1020;Unidades;454
6;Município;2311355;Quixelô - CE;381;Domicílios particulares permanentes ocupados;2022;2022;46292;Total;1020;Unidades;5839
6;Município;2311355;Quixelô - CE;381;Domicílios particulares permanentes ocupados;2022;2022;72110;Rede geral ou pluvial;1020;Unidades;1640
6;Município;2311355;Quixelô - CE;381;Domicílios particulares permanentes ocupados;2022;2022;72111;Fossa séptica ou fossa filtro ligada à rede;1020;Unidades;41
6;Município;2311355;Quixelô - CE;381;Domicílios particulares permanentes ocupados;2022;2022;72112;Fossa séptica ou fossa filtro não ligada à rede;1020;Unidades;104
6;Município;2311355;Quixelô - CE;381;Domicílios particulares permanentes ocupados;2022;2022;72113;Fossa rudimentar ou buraco;1020;Unidades;3499
6;Município;2311355;Quixelô - CE;381;Domicílios particulares permanentes ocupados;2022;2022;92858;Vala;1020;Unidades;311
6;Município;2311355;Quixelô - CE;381;Domicílios particulares permanentes ocupados;2022;2022;72114;Rio, lago, córrego ou mar;1020;Unidades;9
6;Município;2311355;Quixelô - CE;381;Domicílios particulares permanentes ocupados;2022;2022;72115;Outra forma;1020;Unidades;56
6;Município;2311355;Quixelô - CE;381;Domicílios particulares permanentes ocupados;2022;2022;92861;Não tinham banheiro nem sanitário;1020;Unidades;179
6;Município;2311405;Quixeramobim - CE;381;Domicílios particulares permanentes ocupados;2022;2022;46292;Total;1020;Unidades;28609
6;Município;2311405;Quixeramobim - CE;381;Domicílios particulares permanentes ocupados;2022;2022;72110;Rede geral ou pluvial;1020;Unidades;13219
6;Município;2311405;Quixeramobim - CE;381;Domicílios particulares permanentes ocupados;2022;2022;72111;Fossa séptica ou fossa filtro ligada à rede;1020;Unidades;749
6;Município;2311405;Quixeramobim - CE;381;Domicílios particulares permanentes ocupados;2022;2022;72112;Fossa séptica ou fossa filtro não ligada à rede;1020;Unidades;5523
6;Município;2311405;Quixeramobim - CE;381;Domicílios particulares permanentes ocupados;2022;2022;72113;Fossa rudimentar ou buraco;1020;Unidades;7240
6;Município;2311405;Quixeramobim - CE;381;Domicílios particulares permanentes ocupados;2022;2022;92858;Vala;1020;Unidades;1036
6;Município;2311405;Quixeramobim - CE;381;Domicílios particulares permanentes ocupados;2022;2022;72114;Rio, lago, córrego ou mar;1020;Unidades;410
6;Município;2311405;Quixeramobim - CE;381;Domicílios particulares permanentes ocupados;2022;2022;72115;Outra forma;1020;Unidades;192
6;Município;2311405;Quixeramobim - CE;381;Domicílios particulares permanentes ocupados;2022;2022;92861;Não tinham banheiro nem sanitário;1020;Unidades;240
6;Município;2311504;Quixeré - CE;381;Domicílios particulares permanentes ocupados;2022;2022;46292;Total;1020;Unidades;7743
6;Município;2311504;Quixeré - CE;381;Domicílios particulares permanentes ocupados;2022;2022;72110;Rede geral ou pluvial;1020;Unidades;400
6;Município;2311504;Quixeré - CE;381;Domicílios particulares permanentes ocupados;2022;2022;72111;Fossa séptica ou fossa filtro ligada à rede;1020;Unidades;178
6;Município;2311504;Quixeré - CE;381;Domicílios particulares permanentes ocupados;2022;2022;72112;Fossa séptica ou fossa filtro não ligada à rede;1020;Unidades;1484
6;Município;2311504;Quixeré - CE;381;Domicílios particulares permanentes ocupados;2022;2022;72113;Fossa rudimentar ou buraco;1020;Unidades;5327
6;Município;2311504;Quixeré - CE;381;Domicílios particulares permanentes ocupados;2022;2022;92858;Vala;1020;Unidades;185
6;Município;2311504;Quixeré - CE;381;Domicílios particulares permanentes ocupados;2022;2022;72114;Rio, lago, córrego ou mar;1020;Unidades;27
6;Município;2311504;Quixeré - CE;381;Domicílios particulares permanentes ocupados;2022;2022;72115;Outra forma;1020;Unidades;131
6;Município;2311504;Quixeré - CE;381;Domicílios particulares permanentes ocupados;2022;2022;92861;Não tinham banheiro nem sanitário;1020;Unidades;11
6;Município;2311603;Redenção - CE;381;Domicílios particulares permanentes ocupados;2022;2022;46292;Total;1020;Unidades;9138
6;Município;2311603;Redenção - CE;381;Domicílios particulares permanentes ocupados;2022;2022;72110;Rede geral ou pluvial;1020;Unidades;451
6;Município;2311603;Redenção - CE;381;Domicílios particulares permanentes ocupados;2022;2022;72111;Fossa séptica ou fossa filtro ligada à rede;1020;Unidades;37
6;Município;2311603;Redenção - CE;381;Domicílios particulares permanentes ocupados;2022;2022;72112;Fossa séptica ou fossa filtro não ligada à rede;1020;Unidades;1817
6;Município;2311603;Redenção - CE;381;Domicílios particulares permanentes ocupados;2022;2022;72113;Fossa rudimentar ou buraco;1020;Unidades;6331
6;Município;2311603;Redenção - CE;381;Domicílios particulares permanentes ocupados;2022;2022;92858;Vala;1020;Unidades;198
6;Município;2311603;Redenção - CE;381;Domicílios particulares permanentes ocupados;2022;2022;72114;Rio, lago, córrego ou mar;1020;Unidades;48
6;Município;2311603;Redenção - CE;381;Domicílios particulares permanentes ocupados;2022;2022;72115;Outra forma;1020;Unidades;211
6;Município;2311603;Redenção - CE;381;Domicílios particulares permanentes ocupados;2022;2022;92861;Não tinham banheiro nem sanitário;1020;Unidades;45
6;Município;2311702;Reriutaba - CE;381;Domicílios particulares permanentes ocupados;2022;2022;46292;Total;1020;Unidades;6583
6;Município;2311702;Reriutaba - CE;381;Domicílios particulares permanentes ocupados;2022;2022;72110;Rede geral ou pluvial;1020;Unidades;142
6;Município;2311702;Reriutaba - CE;381;Domicílios particulares permanentes ocupados;2022;2022;72111;Fossa séptica ou fossa filtro ligada à rede;1020;Unidades;18
6;Município;2311702;Reriutaba - CE;381;Domicílios particulares permanentes ocupados;2022;2022;72112;Fossa séptica ou fossa filtro não ligada à rede;1020;Unidades;149
6;Município;2311702;Reriutaba - CE;381;Domicílios particulares permanentes ocupados;2022;2022;72113;Fossa rudimentar ou buraco;1020;Unidades;5370
6;Município;2311702;Reriutaba - CE;381;Domicílios particulares permanentes ocupados;2022;2022;92858;Vala;1020;Unidades;216
6;Município;2311702;Reriutaba - CE;381;Domicílios particulares permanentes ocupados;2022;2022;72114;Rio, lago, córrego ou mar;1020;Unidades;52
6;Município;2311702;Reriutaba - CE;381;Domicílios particulares permanentes ocupados;2022;2022;72115;Outra forma;1020;Unidades;394
6;Município;2311702;Reriutaba - CE;381;Domicílios particulares permanentes ocupados;2022;2022;92861;Não tinham banheiro nem sanitário;1020;Unidades;242
6;Município;2311801;Russas - CE;381;Domicílios particulares permanentes ocupados;2022;2022;46292;Total;1020;Unidades;26409
6;Município;2311801;Russas - CE;381;Domicílios particulares permanentes ocupados;2022;2022;72110;Rede geral ou pluvial;1020;Unidades;5848
6;Município;2311801;Russas - CE;381;Domicílios particulares permanentes ocupados;2022;2022;72111;Fossa séptica ou fossa filtro ligada à rede;1020;Unidades;1278
6;Município;2311801;Russas - CE;381;Domicílios particulares permanentes ocupados;2022;2022;72112;Fossa séptica ou fossa filtro não ligada à rede;1020;Unidades;10179
6;Município;2311801;Russas - CE;381;Domicílios particulares permanentes ocupados;2022;2022;72113;Fossa rudimentar ou buraco;1020;Unidades;8640
6;Município;2311801;Russas - CE;381;Domicílios particulares permanentes ocupados;2022;2022;92858;Vala;1020;Unidades;166
6;Município;2311801;Russas - CE;381;Domicílios particulares permanentes ocupados;2022;2022;72114;Rio, lago, córrego ou mar;1020;Unidades;28
6;Município;2311801;Russas - CE;381;Domicílios particulares permanentes ocupados;2022;2022;72115;Outra forma;1020;Unidades;189
6;Município;2311801;Russas - CE;381;Domicílios particulares permanentes ocupados;2022;2022;92861;Não tinham banheiro nem sanitário;1020;Unidades;81
6;Município;2311900;Saboeiro - CE;381;Domicílios particulares permanentes ocupados;2022;2022;46292;Total;1020;Unidades;4926
6;Município;2311900;Saboeiro - CE;381;Domicílios particulares permanentes ocupados;2022;2022;72110;Rede geral ou pluvial;1020;Unidades;409
6;Município;2311900;Saboeiro - CE;381;Domicílios particulares permanentes ocupados;2022;2022;72111;Fossa séptica ou fossa filtro ligada à rede;1020;Unidades;375
6;Município;2311900;Saboeiro - CE;381;Domicílios particulares permanentes ocupados;2022;2022;72112;Fossa séptica ou fossa filtro não ligada à rede;1020;Unidades;46
6;Município;2311900;Saboeiro - CE;381;Domicílios particulares permanentes ocupados;2022;2022;72113;Fossa rudimentar ou buraco;1020;Unidades;3339
6;Município;2311900;Saboeiro - CE;381;Domicílios particulares permanentes ocupados;2022;2022;92858;Vala;1020;Unidades;200
6;Município;2311900;Saboeiro - CE;381;Domicílios particulares permanentes ocupados;2022;2022;72114;Rio, lago, córrego ou mar;1020;Unidades;32
6;Município;2311900;Saboeiro - CE;381;Domicílios particulares permanentes ocupados;2022;2022;72115;Outra forma;1020;Unidades;101
6;Município;2311900;Saboeiro - CE;381;Domicílios particulares permanentes ocupados;2022;2022;92861;Não tinham banheiro nem sanitário;1020;Unidades;424
6;Município;2311959;Salitre - CE;381;Domicílios particulares permanentes ocupados;2022;2022;46292;Total;1020;Unidades;5367
6;Município;2311959;Salitre - CE;381;Domicílios particulares permanentes ocupados;2022;2022;72110;Rede geral ou pluvial;1020;Unidades;192
6;Município;2311959;Salitre - CE;381;Domicílios particulares permanentes ocupados;2022;2022;72111;Fossa séptica ou fossa filtro ligada à rede;1020;Unidades;120
6;Município;2311959;Salitre - CE;381;Domicílios particulares permanentes ocupados;2022;2022;72112;Fossa séptica ou fossa filtro não ligada à rede;1020;Unidades;219
6;Município;2311959;Salitre - CE;381;Domicílios particulares permanentes ocupados;2022;2022;72113;Fossa rudimentar ou buraco;1020;Unidades;3647
6;Município;2311959;Salitre - CE;381;Domicílios particulares permanentes ocupados;2022;2022;92858;Vala;1020;Unidades;116
6;Município;2311959;Salitre - CE;381;Domicílios particulares permanentes ocupados;2022;2022;72114;Rio, lago, córrego ou mar;1020;Unidades;9
6;Município;2311959;Salitre - CE;381;Domicílios particulares permanentes ocupados;2022;2022;72115;Outra forma;1020;Unidades;81
6;Município;2311959;Salitre - CE;381;Domicílios particulares permanentes ocupados;2022;2022;92861;Não tinham banheiro nem sanitário;1020;Unidades;983
6;Município;2312007;Santana do Acaraú - CE;381;Domicílios particulares permanentes ocupados;2022;2022;46292;Total;1020;Unidades;9656
6;Município;2312007;Santana do Acaraú - CE;381;Domicílios particulares permanentes ocupados;2022;2022;72110;Rede geral ou pluvial;1020;Unidades;3524
6;Município;2312007;Santana do Acaraú - CE;381;Domicílios particulares permanentes ocupados;2022;2022;72111;Fossa séptica ou fossa filtro ligada à rede;1020;Unidades;45
6;Município;2312007;Santana do Acaraú - CE;381;Domicílios particulares permanentes ocupados;2022;2022;72112;Fossa séptica ou fossa filtro não ligada à rede;1020;Unidades;466
6;Município;2312007;Santana do Acaraú - CE;381;Domicílios particulares permanentes ocupados;2022;2022;72113;Fossa rudimentar ou buraco;1020;Unidades;4368
6;Município;2312007;Santana do Acaraú - CE;381;Domicílios particulares permanentes ocupados;2022;2022;92858;Vala;1020;Unidades;405
6;Município;2312007;Santana do Acaraú - CE;381;Domicílios particulares permanentes ocupados;2022;2022;72114;Rio, lago, córrego ou mar;1020;Unidades;58
6;Município;2312007;Santana do Acaraú - CE;381;Domicílios particulares permanentes ocupados;2022;2022;72115;Outra forma;1020;Unidades;133
6;Município;2312007;Santana do Acaraú - CE;381;Domicílios particulares permanentes ocupados;2022;2022;92861;Não tinham banheiro nem sanitário;1020;Unidades;657
6;Município;2312106;Santana do Cariri - CE;381;Domicílios particulares permanentes ocupados;2022;2022;46292;Total;1020;Unidades;5630
6;Município;2312106;Santana do Cariri - CE;381;Domicílios particulares permanentes ocupados;2022;2022;72110;Rede geral ou pluvial;1020;Unidades;1018
6;Município;2312106;Santana do Cariri - CE;381;Domicílios particulares permanentes ocupados;2022;2022;72111;Fossa séptica ou fossa filtro ligada à rede;1020;Unidades;40
6;Município;2312106;Santana do Cariri - CE;381;Domicílios particulares permanentes ocupados;2022;2022;72112;Fossa séptica ou fossa filtro não ligada à rede;1020;Unidades;209
6;Município;2312106;Santana do Cariri - CE;381;Domicílios particulares permanentes ocupados;2022;2022;72113;Fossa rudimentar ou buraco;1020;Unidades;3598
6;Município;2312106;Santana do Cariri - CE;381;Domicílios particulares permanentes ocupados;2022;2022;92858;Vala;1020;Unidades;163
6;Município;2312106;Santana do Cariri - CE;381;Domicílios particulares permanentes ocupados;2022;2022;72114;Rio, lago, córrego ou mar;1020;Unidades;47
6;Município;2312106;Santana do Cariri - CE;381;Domicílios particulares permanentes ocupados;2022;2022;72115;Outra forma;1020;Unidades;155
6;Município;2312106;Santana do Cariri - CE;381;Domicílios particulares permanentes ocupados;2022;2022;92861;Não tinham banheiro nem sanitário;1020;Unidades;400
6;Município;2312205;Santa Quitéria - CE;381;Domicílios particulares permanentes ocupados;2022;2022;46292;Total;1020;Unidades;13977
6;Município;2312205;Santa Quitéria - CE;381;Domicílios particulares permanentes ocupados;2022;2022;72110;Rede geral ou pluvial;1020;Unidades;3354
6;Município;2312205;Santa Quitéria - CE;381;Domicílios particulares permanentes ocupados;2022;2022;72111;Fossa séptica ou fossa filtro ligada à rede;1020;Unidades;778
6;Município;2312205;Santa Quitéria - CE;381;Domicílios particulares permanentes ocupados;2022;2022;72112;Fossa séptica ou fossa filtro não ligada à rede;1020;Unidades;625
6;Município;2312205;Santa Quitéria - CE;381;Domicílios particulares permanentes ocupados;2022;2022;72113;Fossa rudimentar ou buraco;1020;Unidades;7439
6;Município;2312205;Santa Quitéria - CE;381;Domicílios particulares permanentes ocupados;2022;2022;92858;Vala;1020;Unidades;411
6;Município;2312205;Santa Quitéria - CE;381;Domicílios particulares permanentes ocupados;2022;2022;72114;Rio, lago, córrego ou mar;1020;Unidades;318
6;Município;2312205;Santa Quitéria - CE;381;Domicílios particulares permanentes ocupados;2022;2022;72115;Outra forma;1020;Unidades;443
6;Município;2312205;Santa Quitéria - CE;381;Domicílios particulares permanentes ocupados;2022;2022;92861;Não tinham banheiro nem sanitário;1020;Unidades;609
6;Município;2312304;São Benedito - CE;381;Domicílios particulares permanentes ocupados;2022;2022;46292;Total;1020;Unidades;15616
6;Município;2312304;São Benedito - CE;381;Domicílios particulares permanentes ocupados;2022;2022;72110;Rede geral ou pluvial;1020;Unidades;3455
6;Município;2312304;São Benedito - CE;381;Domicílios particulares permanentes ocupados;2022;2022;72111;Fossa séptica ou fossa filtro ligada à rede;1020;Unidades;731
6;Município;2312304;São Benedito - CE;381;Domicílios particulares permanentes ocupados;2022;2022;72112;Fossa séptica ou fossa filtro não ligada à rede;1020;Unidades;3897
6;Município;2312304;São Benedito - CE;381;Domicílios particulares permanentes ocupados;2022;2022;72113;Fossa rudimentar ou buraco;1020;Unidades;7197
6;Município;2312304;São Benedito - CE;381;Domicílios particulares permanentes ocupados;2022;2022;92858;Vala;1020;Unidades;141
6;Município;2312304;São Benedito - CE;381;Domicílios particulares permanentes ocupados;2022;2022;72114;Rio, lago, córrego ou mar;1020;Unidades;41
6;Município;2312304;São Benedito - CE;381;Domicílios particulares permanentes ocupados;2022;2022;72115;Outra forma;1020;Unidades;75
6;Município;2312304;São Benedito - CE;381;Domicílios particulares permanentes ocupados;2022;2022;92861;Não tinham banheiro nem sanitário;1020;Unidades;79
6;Município;2312403;São Gonçalo do Amarante - CE;381;Domicílios particulares permanentes ocupados;2022;2022;46292;Total;1020;Unidades;17957
6;Município;2312403;São Gonçalo do Amarante - CE;381;Domicílios particulares permanentes ocupados;2022;2022;72110;Rede geral ou pluvial;1020;Unidades;4722
6;Município;2312403;São Gonçalo do Amarante - CE;381;Domicílios particulares permanentes ocupados;2022;2022;72111;Fossa séptica ou fossa filtro ligada à rede;1020;Unidades;433
6;Município;2312403;São Gonçalo do Amarante - CE;381;Domicílios particulares permanentes ocupados;2022;2022;72112;Fossa séptica ou fossa filtro não ligada à rede;1020;Unidades;5133
6;Município;2312403;São Gonçalo do Amarante - CE;381;Domicílios particulares permanentes ocupados;2022;2022;72113;Fossa rudimentar ou buraco;1020;Unidades;7311
6;Município;2312403;São Gonçalo do Amarante - CE;381;Domicílios particulares permanentes ocupados;2022;2022;92858;Vala;1020;Unidades;126
6;Município;2312403;São Gonçalo do Amarante - CE;381;Domicílios particulares permanentes ocupados;2022;2022;72114;Rio, lago, córrego ou mar;1020;Unidades;19
6;Município;2312403;São Gonçalo do Amarante - CE;381;Domicílios particulares permanentes ocupados;2022;2022;72115;Outra forma;1020;Unidades;82
6;Município;2312403;São Gonçalo do Amarante - CE;381;Domicílios particulares permanentes ocupados;2022;2022;92861;Não tinham banheiro nem sanitário;1020;Unidades;131
6;Município;2312502;São João do Jaguaribe - CE;381;Domicílios particulares permanentes ocupados;2022;2022;46292;Total;1020;Unidades;2371
6;Município;2312502;São João do Jaguaribe - CE;381;Domicílios particulares permanentes ocupados;2022;2022;72110;Rede geral ou pluvial;1020;Unidades;638
6;Município;2312502;São João do Jaguaribe - CE;381;Domicílios particulares permanentes ocupados;2022;2022;72111;Fossa séptica ou fossa filtro ligada à rede;1020;Unidades;6
6;Município;2312502;São João do Jaguaribe - CE;381;Domicílios particulares permanentes ocupados;2022;2022;72112;Fossa séptica ou fossa filtro não ligada à rede;1020;Unidades;351
6;Município;2312502;São João do Jaguaribe - CE;381;Domicílios particulares permanentes ocupados;2022;2022;72113;Fossa rudimentar ou buraco;1020;Unidades;1286
6;Município;2312502;São João do Jaguaribe - CE;381;Domicílios particulares permanentes ocupados;2022;2022;92858;Vala;1020;Unidades;8
6;Município;2312502;São João do Jaguaribe - CE;381;Domicílios particulares permanentes ocupados;2022;2022;72114;Rio, lago, córrego ou mar;1020;Unidades;5
6;Município;2312502;São João do Jaguaribe - CE;381;Domicílios particulares permanentes ocupados;2022;2022;72115;Outra forma;1020;Unidades;69
6;Município;2312502;São João do Jaguaribe - CE;381;Domicílios particulares permanentes ocupados;2022;2022;92861;Não tinham banheiro nem sanitário;1020;Unidades;8
6;Município;2312601;São Luís do Curu - CE;381;Domicílios particulares permanentes ocupados;2022;2022;46292;Total;1020;Unidades;3865
6;Município;2312601;São Luís do Curu - CE;381;Domicílios particulares permanentes ocupados;2022;2022;72110;Rede geral ou pluvial;1020;Unidades;614
6;Município;2312601;São Luís do Curu - CE;381;Domicílios particulares permanentes ocupados;2022;2022;72111;Fossa séptica ou fossa filtro ligada à rede;1020;Unidades;149
6;Município;2312601;São Luís do Curu - CE;381;Domicílios particulares permanentes ocupados;2022;2022;72112;Fossa séptica ou fossa filtro não ligada à rede;1020;Unidades;1282
6;Município;2312601;São Luís do Curu - CE;381;Domicílios particulares permanentes ocupados;2022;2022;72113;Fossa rudimentar ou buraco;1020;Unidades;1548
6;Município;2312601;São Luís do Curu - CE;381;Domicílios particulares permanentes ocupados;2022;2022;92858;Vala;1020;Unidades;169
6;Município;2312601;São Luís do Curu - CE;381;Domicílios particulares permanentes ocupados;2022;2022;72114;Rio, lago, córrego ou mar;1020;Unidades;36
6;Município;2312601;São Luís do Curu - CE;381;Domicílios particulares permanentes ocupados;2022;2022;72115;Outra forma;1020;Unidades;43
6;Município;2312601;São Luís do Curu - CE;381;Domicílios particulares permanentes ocupados;2022;2022;92861;Não tinham banheiro nem sanitário;1020;Unidades;24
6;Município;2312700;Senador Pompeu - CE;381;Domicílios particulares permanentes ocupados;2022;2022;46292;Total;1020;Unidades;8958
6;Município;2312700;Senador Pompeu - CE;381;Domicílios particulares permanentes ocupados;2022;2022;72110;Rede geral ou pluvial;1020;Unidades;3772
6;Município;2312700;Senador Pompeu - CE;381;Domicílios particulares permanentes ocupados;2022;2022;72111;Fossa séptica ou fossa filtro ligada à rede;1020;Unidades;107
6;Município;2312700;Senador Pompeu - CE;381;Domicílios particulares permanentes ocupados;2022;2022;72112;Fossa séptica ou fossa filtro não ligada à rede;1020;Unidades;758
6;Município;2312700;Senador Pompeu - CE;381;Domicílios particulares permanentes ocupados;2022;2022;72113;Fossa rudimentar ou buraco;1020;Unidades;3750
6;Município;2312700;Senador Pompeu - CE;381;Domicílios particulares permanentes ocupados;2022;2022;92858;Vala;1020;Unidades;374
6;Município;2312700;Senador Pompeu - CE;381;Domicílios particulares permanentes ocupados;2022;2022;72114;Rio, lago, córrego ou mar;1020;Unidades;34
6;Município;2312700;Senador Pompeu - CE;381;Domicílios particulares permanentes ocupados;2022;2022;72115;Outra forma;1020;Unidades;126
6;Município;2312700;Senador Pompeu - CE;381;Domicílios particulares permanentes ocupados;2022;2022;92861;Não tinham banheiro nem sanitário;1020;Unidades;37
6;Município;2312809;Senador Sá - CE;381;Domicílios particulares permanentes ocupados;2022;2022;46292;Total;1020;Unidades;2426
6;Município;2312809;Senador Sá - CE;381;Domicílios particulares permanentes ocupados;2022;2022;72110;Rede geral ou pluvial;1020;Unidades;94
6;Município;2312809;Senador Sá - CE;381;Domicílios particulares permanentes ocupados;2022;2022;72111;Fossa séptica ou fossa filtro ligada à rede;1020;Unidades;2
6;Município;2312809;Senador Sá - CE;381;Domicílios particulares permanentes ocupados;2022;2022;72112;Fossa séptica ou fossa filtro não ligada à rede;1020;Unidades;940
6;Município;2312809;Senador Sá - CE;381;Domicílios particulares permanentes ocupados;2022;2022;72113;Fossa rudimentar ou buraco;1020;Unidades;1153
6;Município;2312809;Senador Sá - CE;381;Domicílios particulares permanentes ocupados;2022;2022;92858;Vala;1020;Unidades;35
6;Município;2312809;Senador Sá - CE;381;Domicílios particulares permanentes ocupados;2022;2022;72114;Rio, lago, córrego ou mar;1020;Unidades;-
6;Município;2312809;Senador Sá - CE;381;Domicílios particulares permanentes ocupados;2022;2022;72115;Outra forma;1020;Unidades;19
6;Município;2312809;Senador Sá - CE;381;Domicílios particulares permanentes ocupados;2022;2022;92861;Não tinham banheiro nem sanitário;1020;Unidades;183
6;Município;2312908;Sobral - CE;381;Domicílios particulares permanentes ocupados;2022;2022;46292;Total;1020;Unidades;68018
6;Município;2312908;Sobral - CE;381;Domicílios particulares permanentes ocupados;2022;2022;72110;Rede geral ou pluvial;1020;Unidades;49337
6;Município;2312908;Sobral - CE;381;Domicílios particulares permanentes ocupados;2022;2022;72111;Fossa séptica ou fossa filtro ligada à rede;1020;Unidades;1473
6;Município;2312908;Sobral - CE;381;Domicílios particulares permanentes ocupados;2022;2022;72112;Fossa séptica ou fossa filtro não ligada à rede;1020;Unidades;5419
6;Município;2312908;Sobral - CE;381;Domicílios particulares permanentes ocupados;2022;2022;72113;Fossa rudimentar ou buraco;1020;Unidades;8937
6;Município;2312908;Sobral - CE;381;Domicílios particulares permanentes ocupados;2022;2022;92858;Vala;1020;Unidades;896
6;Município;2312908;Sobral - CE;381;Domicílios particulares permanentes ocupados;2022;2022;72114;Rio, lago, córrego ou mar;1020;Unidades;929
6;Município;2312908;Sobral - CE;381;Domicílios particulares permanentes ocupados;2022;2022;72115;Outra forma;1020;Unidades;671
6;Município;2312908;Sobral - CE;381;Domicílios particulares permanentes ocupados;2022;2022;92861;Não tinham banheiro nem sanitário;1020;Unidades;356
6;Município;2313005;Solonópole - CE;381;Domicílios particulares permanentes ocupados;2022;2022;46292;Total;1020;Unidades;6590
6;Município;2313005;Solonópole - CE;381;Domicílios particulares permanentes ocupados;2022;2022;72110;Rede geral ou pluvial;1020;Unidades;791
6;Município;2313005;Solonópole - CE;381;Domicílios particulares permanentes ocupados;2022;2022;72111;Fossa séptica ou fossa filtro ligada à rede;1020;Unidades;425
6;Município;2313005;Solonópole - CE;381;Domicílios particulares permanentes ocupados;2022;2022;72112;Fossa séptica ou fossa filtro não ligada à rede;1020;Unidades;2048
6;Município;2313005;Solonópole - CE;381;Domicílios particulares permanentes ocupados;2022;2022;72113;Fossa rudimentar ou buraco;1020;Unidades;3058
6;Município;2313005;Solonópole - CE;381;Domicílios particulares permanentes ocupados;2022;2022;92858;Vala;1020;Unidades;179
6;Município;2313005;Solonópole - CE;381;Domicílios particulares permanentes ocupados;2022;2022;72114;Rio, lago, córrego ou mar;1020;Unidades;44
6;Município;2313005;Solonópole - CE;381;Domicílios particulares permanentes ocupados;2022;2022;72115;Outra forma;1020;Unidades;10
6;Município;2313005;Solonópole - CE;381;Domicílios particulares permanentes ocupados;2022;2022;92861;Não tinham banheiro nem sanitário;1020;Unidades;35
6;Município;2313104;Tabuleiro do Norte - CE;381;Domicílios particulares permanentes ocupados;2022;2022;46292;Total;1020;Unidades;11737
6;Município;2313104;Tabuleiro do Norte - CE;381;Domicílios particulares permanentes ocupados;2022;2022;72110;Rede geral ou pluvial;1020;Unidades;2009
6;Município;2313104;Tabuleiro do Norte - CE;381;Domicílios particulares permanentes ocupados;2022;2022;72111;Fossa séptica ou fossa filtro ligada à rede;1020;Unidades;175
6;Município;2313104;Tabuleiro do Norte - CE;381;Domicílios particulares permanentes ocupados;2022;2022;72112;Fossa séptica ou fossa filtro não ligada à rede;1020;Unidades;3315
6;Município;2313104;Tabuleiro do Norte - CE;381;Domicílios particulares permanentes ocupados;2022;2022;72113;Fossa rudimentar ou buraco;1020;Unidades;5246
6;Município;2313104;Tabuleiro do Norte - CE;381;Domicílios particulares permanentes ocupados;2022;2022;92858;Vala;1020;Unidades;259
6;Município;2313104;Tabuleiro do Norte - CE;381;Domicílios particulares permanentes ocupados;2022;2022;72114;Rio, lago, córrego ou mar;1020;Unidades;31
6;Município;2313104;Tabuleiro do Norte - CE;381;Domicílios particulares permanentes ocupados;2022;2022;72115;Outra forma;1020;Unidades;644
6;Município;2313104;Tabuleiro do Norte - CE;381;Domicílios particulares permanentes ocupados;2022;2022;92861;Não tinham banheiro nem sanitário;1020;Unidades;58
6;Município;2313203;Tamboril - CE;381;Domicílios particulares permanentes ocupados;2022;2022;46292;Total;1020;Unidades;8624
6;Município;2313203;Tamboril - CE;381;Domicílios particulares permanentes ocupados;2022;2022;72110;Rede geral ou pluvial;1020;Unidades;1367
6;Município;2313203;Tamboril - CE;381;Domicílios particulares permanentes ocupados;2022;2022;72111;Fossa séptica ou fossa filtro ligada à rede;1020;Unidades;67
6;Município;2313203;Tamboril - CE;381;Domicílios particulares permanentes ocupados;2022;2022;72112;Fossa séptica ou fossa filtro não ligada à rede;1020;Unidades;1234
6;Município;2313203;Tamboril - CE;381;Domicílios particulares permanentes ocupados;2022;2022;72113;Fossa rudimentar ou buraco;1020;Unidades;5009
6;Município;2313203;Tamboril - CE;381;Domicílios particulares permanentes ocupados;2022;2022;92858;Vala;1020;Unidades;158
6;Município;2313203;Tamboril - CE;381;Domicílios particulares permanentes ocupados;2022;2022;72114;Rio, lago, córrego ou mar;1020;Unidades;47
6;Município;2313203;Tamboril - CE;381;Domicílios particulares permanentes ocupados;2022;2022;72115;Outra forma;1020;Unidades;259
6;Município;2313203;Tamboril - CE;381;Domicílios particulares permanentes ocupados;2022;2022;92861;Não tinham banheiro nem sanitário;1020;Unidades;483
6;Município;2313252;Tarrafas - CE;381;Domicílios particulares permanentes ocupados;2022;2022;46292;Total;1020;Unidades;2661
6;Município;2313252;Tarrafas - CE;381;Domicílios particulares permanentes ocupados;2022;2022;72110;Rede geral ou pluvial;1020;Unidades;269
6;Município;2313252;Tarrafas - CE;381;Domicílios particulares permanentes ocupados;2022;2022;72111;Fossa séptica ou fossa filtro ligada à rede;1020;Unidades;13
6;Município;2313252;Tarrafas - CE;381;Domicílios particulares permanentes ocupados;2022;2022;72112;Fossa séptica ou fossa filtro não ligada à rede;1020;Unidades;1752
6;Município;2313252;Tarrafas - CE;381;Domicílios particulares permanentes ocupados;2022;2022;72113;Fossa rudimentar ou buraco;1020;Unidades;429
6;Município;2313252;Tarrafas - CE;381;Domicílios particulares permanentes ocupados;2022;2022;92858;Vala;1020;Unidades;106
6;Município;2313252;Tarrafas - CE;381;Domicílios particulares permanentes ocupados;2022;2022;72114;Rio, lago, córrego ou mar;1020;Unidades;6
6;Município;2313252;Tarrafas - CE;381;Domicílios particulares permanentes ocupados;2022;2022;72115;Outra forma;1020;Unidades;35
6;Município;2313252;Tarrafas - CE;381;Domicílios particulares permanentes ocupados;2022;2022;92861;Não tinham banheiro nem sanitário;1020;Unidades;51
6;Município;2313302;Tauá - CE;381;Domicílios particulares permanentes ocupados;2022;2022;46292;Total;1020;Unidades;21105
6;Município;2313302;Tauá - CE;381;Domicílios particulares permanentes ocupados;2022;2022;72110;Rede geral ou pluvial;1020;Unidades;4973
6;Município;2313302;Tauá - CE;381;Domicílios particulares permanentes ocupados;2022;2022;72111;Fossa séptica ou fossa filtro ligada à rede;1020;Unidades;628
6;Município;2313302;Tauá - CE;381;Domicílios particulares permanentes ocupados;2022;2022;72112;Fossa séptica ou fossa filtro não ligada à rede;1020;Unidades;3911
6;Município;2313302;Tauá - CE;381;Domicílios particulares permanentes ocupados;2022;2022;72113;Fossa rudimentar ou buraco;1020;Unidades;9487
6;Município;2313302;Tauá - CE;381;Domicílios particulares permanentes ocupados;2022;2022;92858;Vala;1020;Unidades;856
6;Município;2313302;Tauá - CE;381;Domicílios particulares permanentes ocupados;2022;2022;72114;Rio, lago, córrego ou mar;1020;Unidades;269
6;Município;2313302;Tauá - CE;381;Domicílios particulares permanentes ocupados;2022;2022;72115;Outra forma;1020;Unidades;533
6;Município;2313302;Tauá - CE;381;Domicílios particulares permanentes ocupados;2022;2022;92861;Não tinham banheiro nem sanitário;1020;Unidades;448
6;Município;2313351;Tejuçuoca - CE;381;Domicílios particulares permanentes ocupados;2022;2022;46292;Total;1020;Unidades;5603
6;Município;2313351;Tejuçuoca - CE;381;Domicílios particulares permanentes ocupados;2022;2022;72110;Rede geral ou pluvial;1020;Unidades;484
6;Município;2313351;Tejuçuoca - CE;381;Domicílios particulares permanentes ocupados;2022;2022;72111;Fossa séptica ou fossa filtro ligada à rede;1020;Unidades;25
6;Município;2313351;Tejuçuoca - CE;381;Domicílios particulares permanentes ocupados;2022;2022;72112;Fossa séptica ou fossa filtro não ligada à rede;1020;Unidades;2197
6;Município;2313351;Tejuçuoca - CE;381;Domicílios particulares permanentes ocupados;2022;2022;72113;Fossa rudimentar ou buraco;1020;Unidades;2504
6;Município;2313351;Tejuçuoca - CE;381;Domicílios particulares permanentes ocupados;2022;2022;92858;Vala;1020;Unidades;91
6;Município;2313351;Tejuçuoca - CE;381;Domicílios particulares permanentes ocupados;2022;2022;72114;Rio, lago, córrego ou mar;1020;Unidades;74
6;Município;2313351;Tejuçuoca - CE;381;Domicílios particulares permanentes ocupados;2022;2022;72115;Outra forma;1020;Unidades;97
6;Município;2313351;Tejuçuoca - CE;381;Domicílios particulares permanentes ocupados;2022;2022;92861;Não tinham banheiro nem sanitário;1020;Unidades;131
6;Município;2313401;Tianguá - CE;381;Domicílios particulares permanentes ocupados;2022;2022;46292;Total;1020;Unidades;25654
6;Município;2313401;Tianguá - CE;381;Domicílios particulares permanentes ocupados;2022;2022;72110;Rede geral ou pluvial;1020;Unidades;8235
6;Município;2313401;Tianguá - CE;381;Domicílios particulares permanentes ocupados;2022;2022;72111;Fossa séptica ou fossa filtro ligada à rede;1020;Unidades;763
6;Município;2313401;Tianguá - CE;381;Domicílios particulares permanentes ocupados;2022;2022;72112;Fossa séptica ou fossa filtro não ligada à rede;1020;Unidades;7018
6;Município;2313401;Tianguá - CE;381;Domicílios particulares permanentes ocupados;2022;2022;72113;Fossa rudimentar ou buraco;1020;Unidades;8935
6;Município;2313401;Tianguá - CE;381;Domicílios particulares permanentes ocupados;2022;2022;92858;Vala;1020;Unidades;152
6;Município;2313401;Tianguá - CE;381;Domicílios particulares permanentes ocupados;2022;2022;72114;Rio, lago, córrego ou mar;1020;Unidades;7
6;Município;2313401;Tianguá - CE;381;Domicílios particulares permanentes ocupados;2022;2022;72115;Outra forma;1020;Unidades;267
6;Município;2313401;Tianguá - CE;381;Domicílios particulares permanentes ocupados;2022;2022;92861;Não tinham banheiro nem sanitário;1020;Unidades;277
6;Município;2313500;Trairi - CE;381;Domicílios particulares permanentes ocupados;2022;2022;46292;Total;1020;Unidades;18908
6;Município;2313500;Trairi - CE;381;Domicílios particulares permanentes ocupados;2022;2022;72110;Rede geral ou pluvial;1020;Unidades;722
6;Município;2313500;Trairi - CE;381;Domicílios particulares permanentes ocupados;2022;2022;72111;Fossa séptica ou fossa filtro ligada à rede;1020;Unidades;190
6;Município;2313500;Trairi - CE;381;Domicílios particulares permanentes ocupados;2022;2022;72112;Fossa séptica ou fossa filtro não ligada à rede;1020;Unidades;2320
6;Município;2313500;Trairi - CE;381;Domicílios particulares permanentes ocupados;2022;2022;72113;Fossa rudimentar ou buraco;1020;Unidades;15103
6;Município;2313500;Trairi - CE;381;Domicílios particulares permanentes ocupados;2022;2022;92858;Vala;1020;Unidades;93
6;Município;2313500;Trairi - CE;381;Domicílios particulares permanentes ocupados;2022;2022;72114;Rio, lago, córrego ou mar;1020;Unidades;4
6;Município;2313500;Trairi - CE;381;Domicílios particulares permanentes ocupados;2022;2022;72115;Outra forma;1020;Unidades;297
6;Município;2313500;Trairi - CE;381;Domicílios particulares permanentes ocupados;2022;2022;92861;Não tinham banheiro nem sanitário;1020;Unidades;179
6;Município;2313559;Tururu - CE;381;Domicílios particulares permanentes ocupados;2022;2022;46292;Total;1020;Unidades;5077
6;Município;2313559;Tururu - CE;381;Domicílios particulares permanentes ocupados;2022;2022;72110;Rede geral ou pluvial;1020;Unidades;60
6;Município;2313559;Tururu - CE;381;Domicílios particulares permanentes ocupados;2022;2022;72111;Fossa séptica ou fossa filtro ligada à rede;1020;Unidades;6
6;Município;2313559;Tururu - CE;381;Domicílios particulares permanentes ocupados;2022;2022;72112;Fossa séptica ou fossa filtro não ligada à rede;1020;Unidades;721
6;Município;2313559;Tururu - CE;381;Domicílios particulares permanentes ocupados;2022;2022;72113;Fossa rudimentar ou buraco;1020;Unidades;4065
6;Município;2313559;Tururu - CE;381;Domicílios particulares permanentes ocupados;2022;2022;92858;Vala;1020;Unidades;155
6;Município;2313559;Tururu - CE;381;Domicílios particulares permanentes ocupados;2022;2022;72114;Rio, lago, córrego ou mar;1020;Unidades;1
6;Município;2313559;Tururu - CE;381;Domicílios particulares permanentes ocupados;2022;2022;72115;Outra forma;1020;Unidades;50
6;Município;2313559;Tururu - CE;381;Domicílios particulares permanentes ocupados;2022;2022;92861;Não tinham banheiro nem sanitário;1020;Unidades;19
6;Município;2313609;Ubajara - CE;381;Domicílios particulares permanentes ocupados;2022;2022;46292;Total;1020;Unidades;10508
6;Município;2313609;Ubajara - CE;381;Domicílios particulares permanentes ocupados;2022;2022;72110;Rede geral ou pluvial;1020;Unidades;907
6;Município;2313609;Ubajara - CE;381;Domicílios particulares permanentes ocupados;2022;2022;72111;Fossa séptica ou fossa filtro ligada à rede;1020;Unidades;1296
6;Município;2313609;Ubajara - CE;381;Domicílios particulares permanentes ocupados;2022;2022;72112;Fossa séptica ou fossa filtro não ligada à rede;1020;Unidades;1666
6;Município;2313609;Ubajara - CE;381;Domicílios particulares permanentes ocupados;2022;2022;72113;Fossa rudimentar ou buraco;1020;Unidades;6383
6;Município;2313609;Ubajara - CE;381;Domicílios particulares permanentes ocupados;2022;2022;92858;Vala;1020;Unidades;146
6;Município;2313609;Ubajara - CE;381;Domicílios particulares permanentes ocupados;2022;2022;72114;Rio, lago, córrego ou mar;1020;Unidades;5
6;Município;2313609;Ubajara - CE;381;Domicílios particulares permanentes ocupados;2022;2022;72115;Outra forma;1020;Unidades;59
6;Município;2313609;Ubajara - CE;381;Domicílios particulares permanentes ocupados;2022;2022;92861;Não tinham banheiro nem sanitário;1020;Unidades;46
6;Município;2313708;Umari - CE;381;Domicílios particulares permanentes ocupados;2022;2022;46292;Total;1020;Unidades;2406
6;Município;2313708;Umari - CE;381;Domicílios particulares permanentes ocupados;2022;2022;72110;Rede geral ou pluvial;1020;Unidades;584
6;Município;2313708;Umari - CE;381;Domicílios particulares permanentes ocupados;2022;2022;72111;Fossa séptica ou fossa filtro ligada à rede;1020;Unidades;36
6;Município;2313708;Umari - CE;381;Domicílios particulares permanentes ocupados;2022;2022;72112;Fossa séptica ou fossa filtro não ligada à rede;1020;Unidades;133
6;Município;2313708;Umari - CE;381;Domicílios particulares permanentes ocupados;2022;2022;72113;Fossa rudimentar ou buraco;1020;Unidades;1483
6;Município;2313708;Umari - CE;381;Domicílios particulares permanentes ocupados;2022;2022;92858;Vala;1020;Unidades;69
6;Município;2313708;Umari - CE;381;Domicílios particulares permanentes ocupados;2022;2022;72114;Rio, lago, córrego ou mar;1020;Unidades;6
6;Município;2313708;Umari - CE;381;Domicílios particulares permanentes ocupados;2022;2022;72115;Outra forma;1020;Unidades;72
6;Município;2313708;Umari - CE;381;Domicílios particulares permanentes ocupados;2022;2022;92861;Não tinham banheiro nem sanitário;1020;Unidades;23
6;Município;2313757;Umirim - CE;381;Domicílios particulares permanentes ocupados;2022;2022;46292;Total;1020;Unidades;5656
6;Município;2313757;Umirim - CE;381;Domicílios particulares permanentes ocupados;2022;2022;72110;Rede geral ou pluvial;1020;Unidades;437
6;Município;2313757;Umirim - CE;381;Domicílios particulares permanentes ocupados;2022;2022;72111;Fossa séptica ou fossa filtro ligada à rede;1020;Unidades;130
6;Município;2313757;Umirim - CE;381;Domicílios particulares permanentes ocupados;2022;2022;72112;Fossa séptica ou fossa filtro não ligada à rede;1020;Unidades;2534
6;Município;2313757;Umirim - CE;381;Domicílios particulares permanentes ocupados;2022;2022;72113;Fossa rudimentar ou buraco;1020;Unidades;1911
6;Município;2313757;Umirim - CE;381;Domicílios particulares permanentes ocupados;2022;2022;92858;Vala;1020;Unidades;354
6;Município;2313757;Umirim - CE;381;Domicílios particulares permanentes ocupados;2022;2022;72114;Rio, lago, córrego ou mar;1020;Unidades;48
6;Município;2313757;Umirim - CE;381;Domicílios particulares permanentes ocupados;2022;2022;72115;Outra forma;1020;Unidades;78
6;Município;2313757;Umirim - CE;381;Domicílios particulares permanentes ocupados;2022;2022;92861;Não tinham banheiro nem sanitário;1020;Unidades;164
6;Município;2313807;Uruburetama - CE;381;Domicílios particulares permanentes ocupados;2022;2022;46292;Total;1020;Unidades;6399
6;Município;2313807;Uruburetama - CE;381;Domicílios particulares permanentes ocupados;2022;2022;72110;Rede geral ou pluvial;1020;Unidades;1422
6;Município;2313807;Uruburetama - CE;381;Domicílios particulares permanentes ocupados;2022;2022;72111;Fossa séptica ou fossa filtro ligada à rede;1020;Unidades;52
6;Município;2313807;Uruburetama - CE;381;Domicílios particulares permanentes ocupados;2022;2022;72112;Fossa séptica ou fossa filtro não ligada à rede;1020;Unidades;705
6;Município;2313807;Uruburetama - CE;381;Domicílios particulares permanentes ocupados;2022;2022;72113;Fossa rudimentar ou buraco;1020;Unidades;3251
6;Município;2313807;Uruburetama - CE;381;Domicílios particulares permanentes ocupados;2022;2022;92858;Vala;1020;Unidades;387
6;Município;2313807;Uruburetama - CE;381;Domicílios particulares permanentes ocupados;2022;2022;72114;Rio, lago, córrego ou mar;1020;Unidades;76
6;Município;2313807;Uruburetama - CE;381;Domicílios particulares permanentes ocupados;2022;2022;72115;Outra forma;1020;Unidades;334
6;Município;2313807;Uruburetama - CE;381;Domicílios particulares permanentes ocupados;2022;2022;92861;Não tinham banheiro nem sanitário;1020;Unidades;172
6;Município;2313906;Uruoca - CE;381;Domicílios particulares permanentes ocupados;2022;2022;46292;Total;1020;Unidades;4664
6;Município;2313906;Uruoca - CE;381;Domicílios particulares permanentes ocupados;2022;2022;72110;Rede geral ou pluvial;1020;Unidades;1014
6;Município;2313906;Uruoca - CE;381;Domicílios particulares permanentes ocupados;2022;2022;72111;Fossa séptica ou fossa filtro ligada à rede;1020;Unidades;6
6;Município;2313906;Uruoca - CE;381;Domicílios particulares permanentes ocupados;2022;2022;72112;Fossa séptica ou fossa filtro não ligada à rede;1020;Unidades;25
6;Município;2313906;Uruoca - CE;381;Domicílios particulares permanentes ocupados;2022;2022;72113;Fossa rudimentar ou buraco;1020;Unidades;3252
6;Município;2313906;Uruoca - CE;381;Domicílios particulares permanentes ocupados;2022;2022;92858;Vala;1020;Unidades;32
6;Município;2313906;Uruoca - CE;381;Domicílios particulares permanentes ocupados;2022;2022;72114;Rio, lago, córrego ou mar;1020;Unidades;21
6;Município;2313906;Uruoca - CE;381;Domicílios particulares permanentes ocupados;2022;2022;72115;Outra forma;1020;Unidades;86
6;Município;2313906;Uruoca - CE;381;Domicílios particulares permanentes ocupados;2022;2022;92861;Não tinham banheiro nem sanitário;1020;Unidades;228
6;Município;2313955;Varjota - CE;381;Domicílios particulares permanentes ocupados;2022;2022;46292;Total;1020;Unidades;6118
6;Município;2313955;Varjota - CE;381;Domicílios particulares permanentes ocupados;2022;2022;72110;Rede geral ou pluvial;1020;Unidades;622
6;Município;2313955;Varjota - CE;381;Domicílios particulares permanentes ocupados;2022;2022;72111;Fossa séptica ou fossa filtro ligada à rede;1020;Unidades;253
6;Município;2313955;Varjota - CE;381;Domicílios particulares permanentes ocupados;2022;2022;72112;Fossa séptica ou fossa filtro não ligada à rede;1020;Unidades;813
6;Município;2313955;Varjota - CE;381;Domicílios particulares permanentes ocupados;2022;2022;72113;Fossa rudimentar ou buraco;1020;Unidades;4006
6;Município;2313955;Varjota - CE;381;Domicílios particulares permanentes ocupados;2022;2022;92858;Vala;1020;Unidades;338
6;Município;2313955;Varjota - CE;381;Domicílios particulares permanentes ocupados;2022;2022;72114;Rio, lago, córrego ou mar;1020;Unidades;13
6;Município;2313955;Varjota - CE;381;Domicílios particulares permanentes ocupados;2022;2022;72115;Outra forma;1020;Unidades;37
6;Município;2313955;Varjota - CE;381;Domicílios particulares permanentes ocupados;2022;2022;92861;Não tinham banheiro nem sanitário;1020;Unidades;36
6;Município;2314003;Várzea Alegre - CE;381;Domicílios particulares permanentes ocupados;2022;2022;46292;Total;1020;Unidades;14046
6;Município;2314003;Várzea Alegre - CE;381;Domicílios particulares permanentes ocupados;2022;2022;72110;Rede geral ou pluvial;1020;Unidades;4965
6;Município;2314003;Várzea Alegre - CE;381;Domicílios particulares permanentes ocupados;2022;2022;72111;Fossa séptica ou fossa filtro ligada à rede;1020;Unidades;324
6;Município;2314003;Várzea Alegre - CE;381;Domicílios particulares permanentes ocupados;2022;2022;72112;Fossa séptica ou fossa filtro não ligada à rede;1020;Unidades;611
6;Município;2314003;Várzea Alegre - CE;381;Domicílios particulares permanentes ocupados;2022;2022;72113;Fossa rudimentar ou buraco;1020;Unidades;7033
6;Município;2314003;Várzea Alegre - CE;381;Domicílios particulares permanentes ocupados;2022;2022;92858;Vala;1020;Unidades;313
6;Município;2314003;Várzea Alegre - CE;381;Domicílios particulares permanentes ocupados;2022;2022;72114;Rio, lago, córrego ou mar;1020;Unidades;48
6;Município;2314003;Várzea Alegre - CE;381;Domicílios particulares permanentes ocupados;2022;2022;72115;Outra forma;1020;Unidades;622
6;Município;2314003;Várzea Alegre - CE;381;Domicílios particulares permanentes ocupados;2022;2022;92861;Não tinham banheiro nem sanitário;1020;Unidades;130
6;Município;2314102;Viçosa do Ceará - CE;381;Domicílios particulares permanentes ocupados;2022;2022;46292;Total;1020;Unidades;18273
6;Município;2314102;Viçosa do Ceará - CE;381;Domicílios particulares permanentes ocupados;2022;2022;72110;Rede geral ou pluvial;1020;Unidades;882
6;Município;2314102;Viçosa do Ceará - CE;381;Domicílios particulares permanentes ocupados;2022;2022;72111;Fossa séptica ou fossa filtro ligada à rede;1020;Unidades;156
6;Município;2314102;Viçosa do Ceará - CE;381;Domicílios particulares permanentes ocupados;2022;2022;72112;Fossa séptica ou fossa filtro não ligada à rede;1020;Unidades;3167
6;Município;2314102;Viçosa do Ceará - CE;381;Domicílios particulares permanentes ocupados;2022;2022;72113;Fossa rudimentar ou buraco;1020;Unidades;12115
6;Município;2314102;Viçosa do Ceará - CE;381;Domicílios particulares permanentes ocupados;2022;2022;92858;Vala;1020;Unidades;157
6;Município;2314102;Viçosa do Ceará - CE;381;Domicílios particulares permanentes ocupados;2022;2022;72114;Rio, lago, córrego ou mar;1020;Unidades;75
6;Município;2314102;Viçosa do Ceará - CE;381;Domicílios particulares permanentes ocupados;2022;2022;72115;Outra forma;1020;Unidades;541
6;Município;2314102;Viçosa do Ceará - CE;381;Domicílios particulares permanentes ocupados;2022;2022;92861;Não tinham banheiro nem sanitário;1020;Unidades;1180
